sectionId,carId,path,start_date_time,end_date_time
6288_up0,809603,"[[115.7788, 28.71825, '2021-09-10 06:48:45'], [115.7781, 28.717466666666667, '2021-09-10 06:49:00'], [115.77726666666666, 28.71655, '2021-09-10 06:49:15'], [115.77616666666668, 28.715333333333334, '2021-09-10 06:49:30'], [115.77551666666666, 28.71445, '2021-09-10 06:49:45'], [115.77626666666669, 28.71518333333333, '2021-09-10 06:50:00'], [115.77738333333332, 28.7164, '2021-09-10 06:50:15'], [115.77883333333334, 28.717966666666666, '2021-09-10 06:50:30'], [115.77911666666668, 28.71825, '2021-09-10 06:50:45'], [115.77911666666668, 28.71826666666667, '2021-09-10 06:51:00'], [115.77911666666668, 28.71826666666667, '2021-09-10 06:51:15'], [115.77911666666668, 28.71826666666667, '2021-09-10 06:51:30'], [115.77911666666668, 28.71826666666667, '2021-09-10 06:51:45'], [115.77911666666668, 28.71826666666667, '2021-09-10 06:52:00'], [115.77911666666668, 28.71826666666667, '2021-09-10 06:52:15'], [115.77911666666668, 28.71826666666667, '2021-09-10 06:52:30'], [115.77915, 28.71825, '2021-09-10 06:52:45'], [115.77915, 28.71825, '2021-09-10 06:53:00'], [115.77915, 28.71825, '2021-09-10 06:53:15'], [115.77915, 28.71825, '2021-09-10 06:53:30'], [115.77915, 28.71825, '2021-09-10 06:53:45'], [115.77915, 28.71825, '2021-09-10 06:54:00'], [115.77915, 28.71825, '2021-09-10 06:54:15'], [115.77915, 28.71825, '2021-09-10 06:54:30']]",2021-09-10 06:48:45,2021-09-10 06:54:30
6288_up1,809603,"[[115.77913333333332, 28.71825, '2021-09-10 06:55:00'], [115.77913333333332, 28.71825, '2021-09-10 06:55:15'], [115.77913333333332, 28.71825, '2021-09-10 06:55:30'], [115.77913333333332, 28.71825, '2021-09-10 06:55:45'], [115.77913333333332, 28.71825, '2021-09-10 06:56:00'], [115.77913333333332, 28.71825, '2021-09-10 06:56:15'], [115.77913333333332, 28.71825, '2021-09-10 06:56:30'], [115.77911666666668, 28.71826666666667, '2021-09-10 06:56:45'], [115.77911666666668, 28.71826666666667, '2021-09-10 06:57:00'], [115.77911666666668, 28.71826666666667, '2021-09-10 06:57:15'], [115.77911666666668, 28.71826666666667, '2021-09-10 06:57:30'], [115.77911666666668, 28.71826666666667, '2021-09-10 06:57:45'], [115.77911666666668, 28.71826666666667, '2021-09-10 06:58:00'], [115.77911666666668, 28.71826666666667, '2021-09-10 06:58:15'], [115.77911666666668, 28.71826666666667, '2021-09-10 06:58:30'], [115.77911666666668, 28.71826666666667, '2021-09-10 06:58:45'], [115.77911666666668, 28.71826666666667, '2021-09-10 06:59:00'], [115.77911666666668, 28.71826666666667, '2021-09-10 06:59:15'], [115.77911666666668, 28.71826666666667, '2021-09-10 06:59:30'], [115.77911666666668, 28.71826666666667, '2021-09-10 06:59:45'], [115.77911666666668, 28.71826666666667, '2021-09-10 07:00:00'], [115.77911666666668, 28.71826666666667, '2021-09-10 07:00:15'], [115.77911666666668, 28.71826666666667, '2021-09-10 07:00:30'], [115.77913333333332, 28.71826666666667, '2021-09-10 07:00:45'], [115.77913333333332, 28.71826666666667, '2021-09-10 07:01:00'], [115.77913333333332, 28.71826666666667, '2021-09-10 07:01:15'], [115.77913333333332, 28.71826666666667, '2021-09-10 07:01:30'], [115.77913333333332, 28.71826666666667, '2021-09-10 07:01:45'], [115.77913333333332, 28.71826666666667, '2021-09-10 07:02:00'], [115.77913333333332, 28.71826666666667, '2021-09-10 07:02:15'], [115.77913333333332, 28.71826666666667, '2021-09-10 07:02:30'], [115.77913333333332, 28.71826666666667, '2021-09-10 07:02:45'], [115.77913333333332, 28.71826666666667, '2021-09-10 07:03:00'], [115.77913333333332, 28.71826666666667, '2021-09-10 07:03:15'], [115.77913333333332, 28.71826666666667, '2021-09-10 07:03:30'], [115.77913333333332, 28.71826666666667, '2021-09-10 07:03:45'], [115.77913333333332, 28.71826666666667, '2021-09-10 07:04:00'], [115.77913333333332, 28.71826666666667, '2021-09-10 07:04:15'], [115.77913333333332, 28.71826666666667, '2021-09-10 07:04:30'], [115.77913333333332, 28.71826666666667, '2021-09-10 07:04:45'], [115.77913333333332, 28.71826666666667, '2021-09-10 07:05:00'], [115.77913333333332, 28.71826666666667, '2021-09-10 07:05:15'], [115.77913333333332, 28.71826666666667, '2021-09-10 07:05:30'], [115.77913333333332, 28.71826666666667, '2021-09-10 07:05:45'], [115.77913333333332, 28.71826666666667, '2021-09-10 07:06:00'], [115.77913333333332, 28.71826666666667, '2021-09-10 07:06:15'], [115.77913333333332, 28.71825, '2021-09-10 07:06:30'], [115.77913333333332, 28.71825, '2021-09-10 07:06:45'], [115.77913333333332, 28.71825, '2021-09-10 07:07:00'], [115.77913333333332, 28.71825, '2021-09-10 07:07:15'], [115.77913333333332, 28.71825, '2021-09-10 07:07:30'], [115.77913333333332, 28.71825, '2021-09-10 07:07:45'], [115.77913333333332, 28.71825, '2021-09-10 07:08:00'], [115.77913333333332, 28.71825, '2021-09-10 07:08:15'], [115.77911666666668, 28.71826666666667, '2021-09-10 07:08:30'], [115.77911666666668, 28.71826666666667, '2021-09-10 07:08:45'], [115.77911666666668, 28.71826666666667, '2021-09-10 07:09:00'], [115.77911666666668, 28.71826666666667, '2021-09-10 07:09:15'], [115.77911666666668, 28.71826666666667, '2021-09-10 07:09:30'], [115.77911666666668, 28.71826666666667, '2021-09-10 07:09:45'], [115.77911666666668, 28.71826666666667, '2021-09-10 07:10:00'], [115.77911666666668, 28.71826666666667, '2021-09-10 07:10:15'], [115.77911666666668, 28.71826666666667, '2021-09-10 07:10:30'], [115.77911666666668, 28.71826666666667, '2021-09-10 07:10:45'], [115.77911666666668, 28.71826666666667, '2021-09-10 07:11:00'], [115.77911666666668, 28.71826666666667, '2021-09-10 07:11:15'], [115.77911666666668, 28.71826666666667, '2021-09-10 07:11:30'], [115.77911666666668, 28.71826666666667, '2021-09-10 07:11:45'], [115.77911666666668, 28.71826666666667, '2021-09-10 07:12:00'], [115.77911666666668, 28.71826666666667, '2021-09-10 07:12:15'], [115.77913333333332, 28.71826666666667, '2021-09-10 07:12:30'], [115.77913333333332, 28.71826666666667, '2021-09-10 07:12:45'], [115.77913333333332, 28.71826666666667, '2021-09-10 07:13:00'], [115.77913333333332, 28.71826666666667, '2021-09-10 07:13:15'], [115.77913333333332, 28.71826666666667, '2021-09-10 07:13:30'], [115.77913333333332, 28.71826666666667, '2021-09-10 07:13:45'], [115.77913333333332, 28.71826666666667, '2021-09-10 07:14:00'], [115.77913333333332, 28.71826666666667, '2021-09-10 07:14:15'], [115.77913333333332, 28.71826666666667, '2021-09-10 07:14:30'], [115.77913333333332, 28.71826666666667, '2021-09-10 07:14:45'], [115.77913333333332, 28.71826666666667, '2021-09-10 07:15:00'], [115.77913333333332, 28.71826666666667, '2021-09-10 07:15:15'], [115.77913333333332, 28.71826666666667, '2021-09-10 07:15:30'], [115.77913333333332, 28.71826666666667, '2021-09-10 07:15:45'], [115.77913333333332, 28.71826666666667, '2021-09-10 07:16:00'], [115.77913333333332, 28.71825, '2021-09-10 07:16:15'], [115.77913333333332, 28.71825, '2021-09-10 07:16:30'], [115.77913333333332, 28.71825, '2021-09-10 07:16:45'], [115.77913333333332, 28.71825, '2021-09-10 07:17:00'], [115.77913333333332, 28.71825, '2021-09-10 07:17:15'], [115.77913333333332, 28.71825, '2021-09-10 07:17:30'], [115.77913333333332, 28.71825, '2021-09-10 07:17:45'], [115.77913333333332, 28.71825, '2021-09-10 07:18:00'], [115.77913333333332, 28.71825, '2021-09-10 07:18:15'], [115.77913333333332, 28.71825, '2021-09-10 07:18:30'], [115.77913333333332, 28.71825, '2021-09-10 07:18:45'], [115.77913333333332, 28.71825, '2021-09-10 07:19:00'], [115.77913333333332, 28.71825, '2021-09-10 07:19:15'], [115.77913333333332, 28.71825, '2021-09-10 07:19:30'], [115.77913333333332, 28.71825, '2021-09-10 07:19:45'], [115.77913333333332, 28.71825, '2021-09-10 07:20:00'], [115.77911666666668, 28.71826666666667, '2021-09-10 07:20:15'], [115.77911666666668, 28.71826666666667, '2021-09-10 07:20:30'], [115.77975, 28.718966666666667, '2021-09-10 07:20:45'], [115.78063333333333, 28.720016666666663, '2021-09-10 07:21:00'], [115.78145, 28.72063333333333, '2021-09-10 07:21:15'], [115.78318333333333, 28.719833333333334, '2021-09-10 07:21:30']]",2021-09-10 06:55:00,2021-09-10 07:21:30
6288_up2,809603,"[[115.78548333333332, 28.718533333333333, '2021-09-10 07:22:00'], [115.78666666666666, 28.717816666666668, '2021-09-10 07:22:15'], [115.78665, 28.71705, '2021-09-10 07:22:30'], [115.78588333333332, 28.71598333333333, '2021-09-10 07:22:45'], [115.78523333333334, 28.715116666666667, '2021-09-10 07:23:00']]",2021-09-10 07:22:00,2021-09-10 07:23:00
6288_up3,809603,"[[115.78441666666669, 28.71173333333333, '2021-09-10 07:23:30'], [115.78481666666669, 28.710716666666663, '2021-09-10 07:23:45'], [115.78481666666669, 28.710716666666663, '2021-09-10 07:24:00'], [115.78755, 28.7097, '2021-09-10 07:24:15'], [115.78883333333332, 28.709433333333333, '2021-09-10 07:24:30'], [115.79021666666668, 28.70935, '2021-09-10 07:24:45'], [115.79045, 28.708883333333333, '2021-09-10 07:25:00'], [115.79055, 28.7081, '2021-09-10 07:25:15'], [115.79071666666668, 28.707916666666662, '2021-09-10 07:25:30'], [115.79071666666668, 28.707916666666662, '2021-09-10 07:25:45'], [115.79071666666668, 28.707916666666662, '2021-09-10 07:26:00'], [115.79071666666668, 28.707916666666662, '2021-09-10 07:26:15'], [115.79071666666668, 28.707916666666662, '2021-09-10 07:26:30'], [115.79071666666668, 28.707916666666662, '2021-09-10 07:26:45'], [115.79071666666668, 28.707916666666662, '2021-09-10 07:27:00'], [115.79071666666668, 28.707916666666662, '2021-09-10 07:27:15'], [115.79058333333332, 28.708066666666667, '2021-09-10 07:27:30'], [115.79058333333332, 28.708066666666667, '2021-09-10 07:27:45'], [115.79058333333332, 28.708066666666667, '2021-09-10 07:28:00']]",2021-09-10 07:23:30,2021-09-10 07:28:00
6288_up4,809603,"[[115.79038333333334, 28.712116666666667, '2021-09-10 07:29:30'], [115.79056666666666, 28.713283333333333, '2021-09-10 07:29:45'], [115.79068333333332, 28.71378333333333, '2021-09-10 07:30:00']]",2021-09-10 07:29:30,2021-09-10 07:30:00
6288_up5,809603,"[[115.79095, 28.715366666666668, '2021-09-10 07:30:30']]",2021-09-10 07:30:30,2021-09-10 07:30:30
6288_up6,809603,"[[115.79371666666668, 28.71485, '2021-09-10 07:31:00'], [115.79546666666668, 28.714583333333334, '2021-09-10 07:31:15'], [115.79685, 28.71448333333333, '2021-09-10 07:31:30']]",2021-09-10 07:31:00,2021-09-10 07:31:30
6288_up7,809603,"[[115.80021666666669, 28.71473333333333, '2021-09-10 07:32:00'], [115.80198333333334, 28.71515, '2021-09-10 07:32:15'], [115.80341666666666, 28.715533333333333, '2021-09-10 07:32:30'], [115.80521666666668, 28.71595, '2021-09-10 07:32:45']]",2021-09-10 07:32:00,2021-09-10 07:32:45
6288_up8,809603,"[[115.80721666666666, 28.715416666666663, '2021-09-10 07:33:15']]",2021-09-10 07:33:15,2021-09-10 07:33:15
6288_up9,809603,"[[115.8058, 28.71275, '2021-09-10 07:33:45'], [115.80481666666668, 28.71153333333333, '2021-09-10 07:34:00'], [115.80403333333334, 28.710566666666665, '2021-09-10 07:34:15'], [115.80381666666666, 28.7103, '2021-09-10 07:34:30'], [115.80381666666666, 28.7103, '2021-09-10 07:34:45'], [115.80381666666666, 28.7103, '2021-09-10 07:35:00'], [115.80308333333332, 28.70938333333333, '2021-09-10 07:35:15']]",2021-09-10 07:33:45,2021-09-10 07:35:15
6288_up10,809603,"[[115.80191666666668, 28.707966666666668, '2021-09-10 07:35:45'], [115.8019, 28.70795, '2021-09-10 07:36:00'], [115.8019, 28.70795, '2021-09-10 07:36:15'], [115.80108333333334, 28.70681666666667, '2021-09-10 07:36:30'], [115.80086666666666, 28.705583333333333, '2021-09-10 07:36:45'], [115.80065, 28.70295, '2021-09-10 07:37:00'], [115.80053333333332, 28.701866666666668, '2021-09-10 07:37:15']]",2021-09-10 07:35:45,2021-09-10 07:37:15
6288_up11,809603,"[[115.80036666666666, 28.70103333333333, '2021-09-10 07:37:45'], [115.80035, 28.70083333333333, '2021-09-10 07:38:00'], [115.80028333333334, 28.70005, '2021-09-10 07:38:15'], [115.80013333333332, 28.69945, '2021-09-10 07:38:30'], [115.79978333333334, 28.699166666666667, '2021-09-10 07:38:45'], [115.79841666666668, 28.69918333333333, '2021-09-10 07:39:00'], [115.79776666666666, 28.6992, '2021-09-10 07:39:15']]",2021-09-10 07:37:45,2021-09-10 07:39:15
6288_up12,809603,"[[115.79776666666666, 28.6992, '2021-09-10 07:39:45'], [115.79776666666666, 28.6992, '2021-09-10 07:40:00'], [115.79666666666668, 28.6992, '2021-09-10 07:40:15'], [115.79496666666668, 28.69921666666667, '2021-09-10 07:40:30'], [115.79343333333334, 28.69925, '2021-09-10 07:40:45'], [115.79206666666668, 28.699283333333334, '2021-09-10 07:41:00'], [115.79056666666666, 28.699266666666663, '2021-09-10 07:41:15']]",2021-09-10 07:39:45,2021-09-10 07:41:15
6288_up13,809603,"[[115.78873333333334, 28.699316666666668, '2021-09-10 07:41:45'], [115.78745, 28.69933333333333, '2021-09-10 07:42:00'], [115.78631666666666, 28.69935, '2021-09-10 07:42:15']]",2021-09-10 07:41:45,2021-09-10 07:42:15
6288_up14,809603,"[[115.78338333333332, 28.6994, '2021-09-10 07:43:15'], [115.78175, 28.699416666666668, '2021-09-10 07:43:30'], [115.78023333333331, 28.69943333333333, '2021-09-10 07:43:45']]",2021-09-10 07:43:15,2021-09-10 07:43:45
6288_up15,809603,"[[115.77853333333331, 28.6995, '2021-09-10 07:44:15'], [115.77841666666669, 28.700166666666668, '2021-09-10 07:44:30']]",2021-09-10 07:44:15,2021-09-10 07:44:30
6288_up16,809603,"[[115.77873333333334, 28.702166666666667, '2021-09-10 07:45:00'], [115.77913333333332, 28.70303333333333, '2021-09-10 07:45:15']]",2021-09-10 07:45:00,2021-09-10 07:45:15
6288_up0,809603,"[[115.7789, 28.718316666666663, '2021-09-10 12:41:30'], [115.77796666666669, 28.71733333333333, '2021-09-10 12:41:45'], [115.77711666666669, 28.716383333333333, '2021-09-10 12:42:00'], [115.776, 28.71515, '2021-09-10 12:42:15'], [115.77566666666668, 28.714466666666667, '2021-09-10 12:42:30'], [115.77765, 28.716666666666665, '2021-09-10 12:42:45'], [115.77865, 28.71775, '2021-09-10 12:43:00'], [115.77885, 28.717983333333333, '2021-09-10 12:43:15']]",2021-09-10 12:41:30,2021-09-10 12:43:15
6288_up1,809603,"[[115.7792, 28.71835, '2021-09-10 12:43:45'], [115.7792, 28.71835, '2021-09-10 12:44:00'], [115.7792, 28.71835, '2021-09-10 12:44:15'], [115.7792, 28.71835, '2021-09-10 12:44:30'], [115.7792, 28.71835, '2021-09-10 12:44:45'], [115.7792, 28.71835, '2021-09-10 12:45:00'], [115.7792, 28.71835, '2021-09-10 12:45:15'], [115.77921666666668, 28.71835, '2021-09-10 12:45:30'], [115.77921666666668, 28.71835, '2021-09-10 12:45:45'], [115.77921666666668, 28.71835, '2021-09-10 12:46:00'], [115.77921666666668, 28.71835, '2021-09-10 12:46:15'], [115.77921666666668, 28.71835, '2021-09-10 12:46:30'], [115.77921666666668, 28.71835, '2021-09-10 12:46:45'], [115.77921666666668, 28.71835, '2021-09-10 12:47:00'], [115.77921666666668, 28.71835, '2021-09-10 12:47:15'], [115.77921666666668, 28.71835, '2021-09-10 12:47:30'], [115.77921666666668, 28.71835, '2021-09-10 12:47:45'], [115.77921666666668, 28.71835, '2021-09-10 12:48:00'], [115.77921666666668, 28.71835, '2021-09-10 12:48:15'], [115.77921666666668, 28.71835, '2021-09-10 12:48:30'], [115.77921666666668, 28.71835, '2021-09-10 12:48:45'], [115.77921666666668, 28.71835, '2021-09-10 12:49:00'], [115.77921666666668, 28.71835, '2021-09-10 12:49:15'], [115.7792, 28.71835, '2021-09-10 12:49:30'], [115.7792, 28.71835, '2021-09-10 12:49:45'], [115.7792, 28.71835, '2021-09-10 12:50:00'], [115.7792, 28.71835, '2021-09-10 12:50:15'], [115.7792, 28.71835, '2021-09-10 12:50:30'], [115.7792, 28.71835, '2021-09-10 12:50:45'], [115.7792, 28.71835, '2021-09-10 12:51:00'], [115.7792, 28.71835, '2021-09-10 12:51:15'], [115.7792, 28.71835, '2021-09-10 12:51:30'], [115.7792, 28.71835, '2021-09-10 12:51:45'], [115.7792, 28.71835, '2021-09-10 12:52:00'], [115.7792, 28.71835, '2021-09-10 12:52:15'], [115.7792, 28.71835, '2021-09-10 12:52:30'], [115.7792, 28.71835, '2021-09-10 12:52:45'], [115.7792, 28.71835, '2021-09-10 12:53:00'], [115.7792, 28.71835, '2021-09-10 12:53:15'], [115.7792, 28.71835, '2021-09-10 12:53:30'], [115.7792, 28.71835, '2021-09-10 12:53:45'], [115.7792, 28.71835, '2021-09-10 12:54:00'], [115.7792, 28.71835, '2021-09-10 12:54:15'], [115.7792, 28.71835, '2021-09-10 12:54:30'], [115.7792, 28.71835, '2021-09-10 12:54:45'], [115.7792, 28.71835, '2021-09-10 12:55:00'], [115.7792, 28.71835, '2021-09-10 12:55:15'], [115.7792, 28.71835, '2021-09-10 12:55:30'], [115.7792, 28.71835, '2021-09-10 12:55:45'], [115.7792, 28.71835, '2021-09-10 12:56:00'], [115.7792, 28.71835, '2021-09-10 12:56:15'], [115.7792, 28.71835, '2021-09-10 12:56:30'], [115.7792, 28.71835, '2021-09-10 12:56:45'], [115.7792, 28.71835, '2021-09-10 12:57:00'], [115.7792, 28.71835, '2021-09-10 12:57:15'], [115.7792, 28.71835, '2021-09-10 12:57:30'], [115.7792, 28.71835, '2021-09-10 12:57:45'], [115.7792, 28.71835, '2021-09-10 12:58:00'], [115.7792, 28.71835, '2021-09-10 12:58:15'], [115.7792, 28.71835, '2021-09-10 12:58:30'], [115.7792, 28.71835, '2021-09-10 12:58:45'], [115.7792, 28.71835, '2021-09-10 12:59:00'], [115.7792, 28.71835, '2021-09-10 12:59:15'], [115.7792, 28.71835, '2021-09-10 12:59:30'], [115.7792, 28.71835, '2021-09-10 12:59:45'], [115.7792, 28.71835, '2021-09-10 13:00:00'], [115.7792, 28.71835, '2021-09-10 13:00:15'], [115.7792, 28.71835, '2021-09-10 13:00:30'], [115.7792, 28.71835, '2021-09-10 13:00:45'], [115.77921666666668, 28.71835, '2021-09-10 13:01:00'], [115.77921666666668, 28.71835, '2021-09-10 13:01:15'], [115.77921666666668, 28.71835, '2021-09-10 13:01:30'], [115.77921666666668, 28.71835, '2021-09-10 13:01:45'], [115.77921666666668, 28.71835, '2021-09-10 13:02:00'], [115.77921666666668, 28.71835, '2021-09-10 13:02:15'], [115.77921666666668, 28.71835, '2021-09-10 13:02:30'], [115.77921666666668, 28.71835, '2021-09-10 13:02:45'], [115.7792, 28.71835, '2021-09-10 13:03:00'], [115.7792, 28.71835, '2021-09-10 13:03:15'], [115.7792, 28.71835, '2021-09-10 13:03:30'], [115.7792, 28.71835, '2021-09-10 13:03:45'], [115.7792, 28.71835, '2021-09-10 13:04:00'], [115.7792, 28.71835, '2021-09-10 13:04:15'], [115.7792, 28.71835, '2021-09-10 13:04:30'], [115.7792, 28.71835, '2021-09-10 13:04:45'], [115.7792, 28.718366666666668, '2021-09-10 13:05:00'], [115.7792, 28.718366666666668, '2021-09-10 13:05:15'], [115.7792, 28.718366666666668, '2021-09-10 13:05:30'], [115.7792, 28.718366666666668, '2021-09-10 13:05:45'], [115.7792, 28.718366666666668, '2021-09-10 13:06:00'], [115.7792, 28.718366666666668, '2021-09-10 13:06:15'], [115.7792, 28.718366666666668, '2021-09-10 13:06:30'], [115.7792, 28.718366666666668, '2021-09-10 13:06:45'], [115.7792, 28.71835, '2021-09-10 13:07:00'], [115.7792, 28.71835, '2021-09-10 13:07:15'], [115.7792, 28.71835, '2021-09-10 13:07:30'], [115.7792, 28.71835, '2021-09-10 13:07:45'], [115.7792, 28.71835, '2021-09-10 13:08:00'], [115.7792, 28.71835, '2021-09-10 13:08:15'], [115.7792, 28.71835, '2021-09-10 13:08:30'], [115.7792, 28.71835, '2021-09-10 13:08:45'], [115.7792, 28.71835, '2021-09-10 13:09:00'], [115.7792, 28.71835, '2021-09-10 13:09:15'], [115.7792, 28.71835, '2021-09-10 13:09:30'], [115.7792, 28.71835, '2021-09-10 13:09:45'], [115.7792, 28.71835, '2021-09-10 13:10:00'], [115.7792, 28.71835, '2021-09-10 13:10:15'], [115.7792, 28.71835, '2021-09-10 13:10:30'], [115.7792, 28.71835, '2021-09-10 13:10:45'], [115.7792, 28.71835, '2021-09-10 13:11:00'], [115.7792, 28.71835, '2021-09-10 13:11:15'], [115.7792, 28.71835, '2021-09-10 13:11:30'], [115.7792, 28.71835, '2021-09-10 13:11:45'], [115.7792, 28.71835, '2021-09-10 13:12:00'], [115.7792, 28.71835, '2021-09-10 13:12:15'], [115.7792, 28.71835, '2021-09-10 13:12:30'], [115.7792, 28.71835, '2021-09-10 13:12:45'], [115.7792, 28.71835, '2021-09-10 13:13:00'], [115.7792, 28.71835, '2021-09-10 13:13:15'], [115.7792, 28.71835, '2021-09-10 13:13:30'], [115.7792, 28.71835, '2021-09-10 13:13:45'], [115.7792, 28.71835, '2021-09-10 13:14:00'], [115.7792, 28.71835, '2021-09-10 13:14:15'], [115.7792, 28.71835, '2021-09-10 13:14:30'], [115.7792, 28.71835, '2021-09-10 13:14:45'], [115.7792, 28.71835, '2021-09-10 13:15:00'], [115.7792, 28.71835, '2021-09-10 13:15:15'], [115.7792, 28.71835, '2021-09-10 13:15:30'], [115.7792, 28.71835, '2021-09-10 13:15:45'], [115.7792, 28.71835, '2021-09-10 13:16:00'], [115.7792, 28.71835, '2021-09-10 13:16:15'], [115.7792, 28.71835, '2021-09-10 13:16:30'], [115.7792, 28.71835, '2021-09-10 13:16:45'], [115.7792, 28.71835, '2021-09-10 13:17:00'], [115.7792, 28.71835, '2021-09-10 13:17:15'], [115.7792, 28.71835, '2021-09-10 13:17:30'], [115.7792, 28.71835, '2021-09-10 13:17:45'], [115.7792, 28.71835, '2021-09-10 13:18:00'], [115.7792, 28.71835, '2021-09-10 13:18:15'], [115.7792, 28.71835, '2021-09-10 13:18:30'], [115.7792, 28.71835, '2021-09-10 13:18:45'], [115.7792, 28.71835, '2021-09-10 13:19:00'], [115.7792, 28.71835, '2021-09-10 13:19:15'], [115.7792, 28.71835, '2021-09-10 13:19:30'], [115.7792, 28.71835, '2021-09-10 13:19:45'], [115.7792, 28.71835, '2021-09-10 13:20:00'], [115.7792, 28.71835, '2021-09-10 13:20:15'], [115.7792, 28.71835, '2021-09-10 13:20:30'], [115.77921666666668, 28.71835, '2021-09-10 13:20:45'], [115.77921666666668, 28.71835, '2021-09-10 13:21:00'], [115.77921666666668, 28.71835, '2021-09-10 13:21:15'], [115.77921666666668, 28.71835, '2021-09-10 13:21:30'], [115.77921666666668, 28.71835, '2021-09-10 13:21:45'], [115.77921666666668, 28.71835, '2021-09-10 13:22:00'], [115.77921666666668, 28.71835, '2021-09-10 13:22:15'], [115.77981666666666, 28.71903333333333, '2021-09-10 13:22:30'], [115.78076666666666, 28.72008333333333, '2021-09-10 13:22:45'], [115.78191666666666, 28.72055, '2021-09-10 13:23:00'], [115.78338333333332, 28.71973333333333, '2021-09-10 13:23:15']]",2021-09-10 12:43:45,2021-09-10 13:23:15
6288_up2,809603,"[[115.78561666666668, 28.718466666666668, '2021-09-10 13:23:45'], [115.78686666666668, 28.7176, '2021-09-10 13:24:00'], [115.78641666666668, 28.71673333333333, '2021-09-10 13:24:15'], [115.78603333333334, 28.7162, '2021-09-10 13:24:30'], [115.78463333333332, 28.713916666666663, '2021-09-10 13:24:45']]",2021-09-10 13:23:45,2021-09-10 13:24:45
6288_up3,809603,"[[115.78441666666669, 28.711516666666668, '2021-09-10 13:25:15'], [115.78485, 28.7107, '2021-09-10 13:25:30'], [115.78646666666668, 28.710083333333333, '2021-09-10 13:25:45'], [115.78766666666668, 28.709666666666667, '2021-09-10 13:26:00'], [115.78885, 28.70945, '2021-09-10 13:26:15'], [115.79046666666666, 28.708816666666667, '2021-09-10 13:26:30'], [115.79058333333332, 28.708016666666666, '2021-09-10 13:26:45'], [115.79071666666668, 28.707933333333333, '2021-09-10 13:27:00'], [115.79071666666668, 28.707933333333333, '2021-09-10 13:27:15'], [115.79071666666668, 28.707933333333333, '2021-09-10 13:27:30']]",2021-09-10 13:25:15,2021-09-10 13:27:30
6288_up4,809603,"[[115.79033333333334, 28.711716666666668, '2021-09-10 13:29:45'], [115.79055, 28.7131, '2021-09-10 13:30:00'], [115.79066666666668, 28.713766666666668, '2021-09-10 13:30:15']]",2021-09-10 13:29:45,2021-09-10 13:30:15
6288_up5,809603,"[[115.79108333333332, 28.715516666666662, '2021-09-10 13:30:45']]",2021-09-10 13:30:45,2021-09-10 13:30:45
6288_up6,809603,"[[115.79371666666668, 28.71483333333333, '2021-09-10 13:31:15'], [115.7952, 28.71463333333333, '2021-09-10 13:31:30'], [115.79643333333334, 28.7145, '2021-09-10 13:31:45'], [115.79651666666666, 28.7145, '2021-09-10 13:32:00'], [115.79651666666666, 28.7145, '2021-09-10 13:32:15']]",2021-09-10 13:31:15,2021-09-10 13:32:15
6288_up7,809603,"[[115.79926666666668, 28.714616666666668, '2021-09-10 13:32:45'], [115.80115, 28.71495, '2021-09-10 13:33:00'], [115.80286666666667, 28.7154, '2021-09-10 13:33:15'], [115.80465, 28.715866666666667, '2021-09-10 13:33:30'], [115.80641666666666, 28.716066666666663, '2021-09-10 13:33:45']]",2021-09-10 13:32:45,2021-09-10 13:33:45
6288_up8,809603,"[[115.80685, 28.71428333333333, '2021-09-10 13:34:15']]",2021-09-10 13:34:15,2021-09-10 13:34:15
6288_up9,809603,"[[115.80493333333334, 28.7117, '2021-09-10 13:34:45'], [115.8042, 28.710766666666668, '2021-09-10 13:35:00'], [115.80386666666666, 28.710366666666665, '2021-09-10 13:35:15'], [115.80378333333331, 28.710266666666666, '2021-09-10 13:35:30'], [115.80331666666666, 28.70965, '2021-09-10 13:35:45'], [115.80238333333334, 28.708566666666663, '2021-09-10 13:36:00']]",2021-09-10 13:34:45,2021-09-10 13:36:00
6288_up10,809603,"[[115.80091666666668, 28.706133333333334, '2021-09-10 13:36:30'], [115.80083333333332, 28.704966666666667, '2021-09-10 13:36:45'], [115.80071666666667, 28.70368333333333, '2021-09-10 13:37:00'], [115.80058333333334, 28.702416666666668, '2021-09-10 13:37:15']]",2021-09-10 13:36:30,2021-09-10 13:37:15
6288_up11,809603,"[[115.80035, 28.700883333333334, '2021-09-10 13:37:45'], [115.80026666666669, 28.699916666666667, '2021-09-10 13:38:00'], [115.79988333333333, 28.6992, '2021-09-10 13:38:15'], [115.79871666666666, 28.6992, '2021-09-10 13:38:30'], [115.79781666666666, 28.69918333333333, '2021-09-10 13:38:45'], [115.79736666666666, 28.69921666666667, '2021-09-10 13:39:00']]",2021-09-10 13:37:45,2021-09-10 13:39:00
6288_up12,809603,"[[115.79315, 28.699266666666663, '2021-09-10 13:39:30'], [115.7916, 28.699283333333334, '2021-09-10 13:39:45'], [115.78965, 28.699316666666668, '2021-09-10 13:40:00']]",2021-09-10 13:39:30,2021-09-10 13:40:00
6288_up13,809603,"[[115.78648333333334, 28.69935, '2021-09-10 13:40:30'], [115.78508333333332, 28.699366666666663, '2021-09-10 13:40:45']]",2021-09-10 13:40:30,2021-09-10 13:40:45
6288_up14,809603,"[[115.78451666666666, 28.699383333333333, '2021-09-10 13:41:15'], [115.78451666666666, 28.699383333333333, '2021-09-10 13:41:30'], [115.78451666666666, 28.699383333333333, '2021-09-10 13:41:45'], [115.78316666666667, 28.69943333333333, '2021-09-10 13:42:00'], [115.78146666666666, 28.69945, '2021-09-10 13:42:15']]",2021-09-10 13:41:15,2021-09-10 13:42:15
6288_up15,809603,"[[115.77845, 28.69955, '2021-09-10 13:42:45'], [115.77843333333334, 28.70048333333333, '2021-09-10 13:43:00']]",2021-09-10 13:42:45,2021-09-10 13:43:00
6288_up16,809603,"[[115.77898333333331, 28.702683333333333, '2021-09-10 13:43:30']]",2021-09-10 13:43:30,2021-09-10 13:43:30
6288_up0,809603,"[[115.77913333333332, 28.71826666666667, '2021-09-13 06:53:00']]",2021-09-13 06:53:00,2021-09-13 06:53:00
6288_up1,809603,"[[115.77913333333332, 28.71826666666667, '2021-09-13 06:53:30'], [115.77913333333332, 28.71826666666667, '2021-09-13 06:54:30'], [115.77913333333332, 28.71826666666667, '2021-09-13 06:54:45'], [115.77913333333332, 28.71828333333333, '2021-09-13 06:55:15']]",2021-09-13 06:53:30,2021-09-13 06:55:15
6288_up3,809603,"[[115.77913333333332, 28.71826666666667, '2021-09-13 06:53:30'], [115.77913333333332, 28.71826666666667, '2021-09-13 06:54:30'], [115.77913333333332, 28.71826666666667, '2021-09-13 06:54:45'], [115.77913333333332, 28.71828333333333, '2021-09-13 06:55:15'], [115.77913333333332, 28.71828333333333, '2021-09-13 06:55:30'], [115.77913333333332, 28.71828333333333, '2021-09-13 06:56:15'], [115.77913333333332, 28.71828333333333, '2021-09-13 06:56:30'], [115.77913333333332, 28.71828333333333, '2021-09-13 06:56:45'], [115.7855, 28.699366666666663, '2021-09-13 07:39:30'], [115.7844, 28.699366666666663, '2021-09-13 07:39:45'], [115.78005, 28.69943333333333, '2021-09-13 07:41:15']]",2021-09-13 06:53:30,2021-09-13 07:41:15
6288_up8,809603,"[[115.77913333333332, 28.71826666666667, '2021-09-13 06:53:30'], [115.77913333333332, 28.71826666666667, '2021-09-13 06:54:30'], [115.77913333333332, 28.71826666666667, '2021-09-13 06:54:45'], [115.77913333333332, 28.71828333333333, '2021-09-13 06:55:15'], [115.77913333333332, 28.71828333333333, '2021-09-13 06:55:30'], [115.77913333333332, 28.71828333333333, '2021-09-13 06:56:15'], [115.77913333333332, 28.71828333333333, '2021-09-13 06:56:30']]",2021-09-13 06:53:30,2021-09-13 06:56:30
6288_up14,809603,"[[115.78005, 28.69943333333333, '2021-09-13 07:41:15']]",2021-09-13 07:41:15,2021-09-13 07:41:15
6288_up0,809603,"[[115.77886666666669, 28.71826666666667, '2021-09-09 06:57:15'], [115.7781, 28.717416666666665, '2021-09-09 06:57:30'], [115.77726666666666, 28.7165, '2021-09-09 06:57:45'], [115.77618333333334, 28.71535, '2021-09-09 06:58:00'], [115.77556666666666, 28.71445, '2021-09-09 06:58:15'], [115.77628333333334, 28.715166666666665, '2021-09-09 06:58:30'], [115.77726666666666, 28.71625, '2021-09-09 06:58:45'], [115.77828333333332, 28.71735, '2021-09-09 06:59:00'], [115.77881666666669, 28.71793333333333, '2021-09-09 06:59:15'], [115.7791, 28.71823333333333, '2021-09-09 06:59:30'], [115.77915, 28.7183, '2021-09-09 06:59:45'], [115.77915, 28.7183, '2021-09-09 07:00:00'], [115.77915, 28.7183, '2021-09-09 07:00:15'], [115.77915, 28.7183, '2021-09-09 07:00:30'], [115.77915, 28.7183, '2021-09-09 07:00:45'], [115.77915, 28.7183, '2021-09-09 07:01:00'], [115.77915, 28.7183, '2021-09-09 07:01:15'], [115.77915, 28.7183, '2021-09-09 07:01:30'], [115.77915, 28.7183, '2021-09-09 07:01:45'], [115.77915, 28.7183, '2021-09-09 07:02:00'], [115.77915, 28.7183, '2021-09-09 07:02:15'], [115.77915, 28.7183, '2021-09-09 07:02:30'], [115.77915, 28.7183, '2021-09-09 07:02:45'], [115.77915, 28.7183, '2021-09-09 07:03:00'], [115.77915, 28.7183, '2021-09-09 07:03:15'], [115.77915, 28.7183, '2021-09-09 07:03:30'], [115.77915, 28.7183, '2021-09-09 07:03:45'], [115.77915, 28.7183, '2021-09-09 07:04:00'], [115.77915, 28.7183, '2021-09-09 07:04:15'], [115.77915, 28.7183, '2021-09-09 07:04:30'], [115.77915, 28.7183, '2021-09-09 07:04:45'], [115.77915, 28.7183, '2021-09-09 07:05:00'], [115.77915, 28.7183, '2021-09-09 07:05:15'], [115.77915, 28.7183, '2021-09-09 07:05:30'], [115.77915, 28.7183, '2021-09-09 07:05:45']]",2021-09-09 06:57:15,2021-09-09 07:05:45
6288_up1,809603,"[[115.77916666666668, 28.71828333333333, '2021-09-09 07:06:15'], [115.77916666666668, 28.71828333333333, '2021-09-09 07:06:30'], [115.77916666666668, 28.71828333333333, '2021-09-09 07:06:45'], [115.77916666666668, 28.71828333333333, '2021-09-09 07:07:00'], [115.77916666666668, 28.71828333333333, '2021-09-09 07:07:15'], [115.77916666666668, 28.71828333333333, '2021-09-09 07:07:30'], [115.77916666666668, 28.71828333333333, '2021-09-09 07:07:45'], [115.77916666666668, 28.7183, '2021-09-09 07:08:00'], [115.77916666666668, 28.7183, '2021-09-09 07:08:15'], [115.77916666666668, 28.7183, '2021-09-09 07:08:30'], [115.77916666666668, 28.7183, '2021-09-09 07:08:45'], [115.77916666666668, 28.7183, '2021-09-09 07:09:00'], [115.77916666666668, 28.7183, '2021-09-09 07:09:15'], [115.77916666666668, 28.7183, '2021-09-09 07:09:30'], [115.77916666666668, 28.7183, '2021-09-09 07:09:45'], [115.77916666666668, 28.7183, '2021-09-09 07:10:00'], [115.77916666666668, 28.7183, '2021-09-09 07:10:15'], [115.77916666666668, 28.7183, '2021-09-09 07:10:30'], [115.77916666666668, 28.7183, '2021-09-09 07:10:45'], [115.77916666666668, 28.7183, '2021-09-09 07:11:00'], [115.77916666666668, 28.7183, '2021-09-09 07:11:15'], [115.77916666666668, 28.7183, '2021-09-09 07:11:30'], [115.77915, 28.7183, '2021-09-09 07:11:45'], [115.77915, 28.7183, '2021-09-09 07:12:00'], [115.77915, 28.7183, '2021-09-09 07:12:15'], [115.77915, 28.7183, '2021-09-09 07:12:30'], [115.77915, 28.7183, '2021-09-09 07:12:45'], [115.77915, 28.7183, '2021-09-09 07:13:00'], [115.77915, 28.7183, '2021-09-09 07:13:15'], [115.77915, 28.7183, '2021-09-09 07:13:30'], [115.77915, 28.7183, '2021-09-09 07:13:45'], [115.77916666666668, 28.7183, '2021-09-09 07:14:00'], [115.77916666666668, 28.7183, '2021-09-09 07:14:15'], [115.77916666666668, 28.7183, '2021-09-09 07:14:30'], [115.77916666666668, 28.7183, '2021-09-09 07:14:45'], [115.77916666666668, 28.7183, '2021-09-09 07:15:00'], [115.77916666666668, 28.7183, '2021-09-09 07:15:15'], [115.77916666666668, 28.7183, '2021-09-09 07:15:30'], [115.77916666666668, 28.7183, '2021-09-09 07:15:45'], [115.77916666666668, 28.71828333333333, '2021-09-09 07:16:00'], [115.77916666666668, 28.71828333333333, '2021-09-09 07:16:15'], [115.77916666666668, 28.71828333333333, '2021-09-09 07:16:30'], [115.77916666666668, 28.71828333333333, '2021-09-09 07:16:45'], [115.77916666666668, 28.71828333333333, '2021-09-09 07:17:00'], [115.77916666666668, 28.71828333333333, '2021-09-09 07:17:15'], [115.77916666666668, 28.71828333333333, '2021-09-09 07:17:30'], [115.77916666666668, 28.71828333333333, '2021-09-09 07:17:45'], [115.77916666666668, 28.71828333333333, '2021-09-09 07:18:00'], [115.77916666666668, 28.71828333333333, '2021-09-09 07:18:15'], [115.77916666666668, 28.71828333333333, '2021-09-09 07:18:30'], [115.77916666666668, 28.71828333333333, '2021-09-09 07:18:45'], [115.77916666666668, 28.71828333333333, '2021-09-09 07:19:00'], [115.77916666666668, 28.71828333333333, '2021-09-09 07:19:15'], [115.77916666666668, 28.71828333333333, '2021-09-09 07:19:30'], [115.77916666666668, 28.71828333333333, '2021-09-09 07:19:45'], [115.77916666666668, 28.71828333333333, '2021-09-09 07:20:00'], [115.77916666666668, 28.71828333333333, '2021-09-09 07:20:15'], [115.77916666666668, 28.71828333333333, '2021-09-09 07:20:30'], [115.77916666666668, 28.71828333333333, '2021-09-09 07:20:45'], [115.77948333333332, 28.718666666666667, '2021-09-09 07:21:00'], [115.77978333333331, 28.719, '2021-09-09 07:21:15'], [115.78068333333331, 28.71998333333333, '2021-09-09 07:21:30'], [115.7816, 28.72063333333333, '2021-09-09 07:21:45'], [115.7833, 28.71976666666667, '2021-09-09 07:22:00']]",2021-09-09 07:06:15,2021-09-09 07:22:00
6288_up2,809603,"[[115.7854, 28.71858333333333, '2021-09-09 07:22:30'], [115.78675, 28.717766666666662, '2021-09-09 07:22:45'], [115.78653333333334, 28.716866666666668, '2021-09-09 07:23:00'], [115.78541666666666, 28.715333333333334, '2021-09-09 07:23:15']]",2021-09-09 07:22:30,2021-09-09 07:23:15
6288_up3,809603,"[[115.78446666666666, 28.71291666666667, '2021-09-09 07:23:45'], [115.78443333333334, 28.711816666666667, '2021-09-09 07:24:00'], [115.78441666666669, 28.711066666666667, '2021-09-09 07:24:15'], [115.785, 28.71063333333333, '2021-09-09 07:24:30'], [115.7865, 28.71005, '2021-09-09 07:24:45'], [115.78748333333333, 28.7097, '2021-09-09 07:25:00'], [115.7887, 28.70945, '2021-09-09 07:25:15'], [115.79026666666668, 28.709333333333333, '2021-09-09 07:25:30'], [115.79046666666666, 28.70883333333333, '2021-09-09 07:25:45'], [115.79056666666666, 28.70815, '2021-09-09 07:26:00'], [115.79071666666668, 28.707916666666662, '2021-09-09 07:26:15'], [115.79071666666668, 28.707916666666662, '2021-09-09 07:26:30'], [115.79071666666668, 28.707916666666662, '2021-09-09 07:26:45'], [115.79071666666668, 28.707916666666662, '2021-09-09 07:27:00'], [115.79071666666668, 28.707916666666662, '2021-09-09 07:27:15'], [115.79071666666668, 28.707916666666662, '2021-09-09 07:27:30'], [115.79065, 28.70795, '2021-09-09 07:27:45'], [115.79063333333332, 28.707916666666662, '2021-09-09 07:28:00'], [115.79063333333332, 28.707916666666662, '2021-09-09 07:28:15'], [115.79063333333332, 28.707916666666662, '2021-09-09 07:28:30'], [115.79063333333332, 28.707916666666662, '2021-09-09 07:28:45'], [115.79063333333332, 28.707916666666662, '2021-09-09 07:29:00'], [115.7906, 28.708116666666665, '2021-09-09 07:29:15'], [115.79058333333332, 28.70815, '2021-09-09 07:29:30'], [115.79058333333332, 28.70815, '2021-09-09 07:29:45']]",2021-09-09 07:23:45,2021-09-09 07:29:45
6288_up4,809603,"[[115.79045, 28.70913333333333, '2021-09-09 07:31:15'], [115.79021666666668, 28.7108, '2021-09-09 07:31:30'], [115.7904, 28.712216666666663, '2021-09-09 07:31:45'], [115.79058333333332, 28.713283333333333, '2021-09-09 07:32:00'], [115.79071666666668, 28.71395, '2021-09-09 07:32:15']]",2021-09-09 07:31:15,2021-09-09 07:32:15
6288_up5,809603,"[[115.79081666666669, 28.714616666666668, '2021-09-09 07:32:45'], [115.79106666666668, 28.7155, '2021-09-09 07:33:00']]",2021-09-09 07:32:45,2021-09-09 07:33:00
6288_up6,809603,"[[115.79331666666668, 28.71493333333333, '2021-09-09 07:33:30'], [115.79503333333334, 28.714616666666668, '2021-09-09 07:33:45'], [115.79631666666668, 28.7145, '2021-09-09 07:34:00'], [115.79661666666668, 28.71448333333333, '2021-09-09 07:34:15']]",2021-09-09 07:33:30,2021-09-09 07:34:15
6288_up7,809603,"[[115.79786666666666, 28.71448333333333, '2021-09-09 07:34:45'], [115.79975, 28.714683333333333, '2021-09-09 07:35:00'], [115.80165, 28.71505, '2021-09-09 07:35:15'], [115.80335, 28.715516666666662, '2021-09-09 07:35:30'], [115.80503333333333, 28.71593333333333, '2021-09-09 07:35:45']]",2021-09-09 07:34:45,2021-09-09 07:35:45
6288_up8,809603,"[[115.80725, 28.71565, '2021-09-09 07:36:15'], [115.80688333333332, 28.714366666666667, '2021-09-09 07:36:30']]",2021-09-09 07:36:15,2021-09-09 07:36:30
6288_up9,809603,"[[115.80528333333334, 28.712116666666667, '2021-09-09 07:37:00'], [115.8047, 28.71138333333333, '2021-09-09 07:37:15'], [115.80465, 28.71133333333333, '2021-09-09 07:37:30'], [115.80465, 28.71133333333333, '2021-09-09 07:37:45'], [115.80415, 28.7107, '2021-09-09 07:38:00'], [115.80401666666668, 28.71053333333333, '2021-09-09 07:38:15'], [115.80401666666668, 28.71053333333333, '2021-09-09 07:38:30'], [115.80401666666668, 28.71053333333333, '2021-09-09 07:38:45'], [115.80401666666668, 28.71053333333333, '2021-09-09 07:39:00'], [115.80401666666668, 28.71053333333333, '2021-09-09 07:39:15'], [115.80246666666666, 28.70863333333333, '2021-09-09 07:39:30']]",2021-09-09 07:37:00,2021-09-09 07:39:30
6288_up10,809603,"[[115.8009, 28.705916666666667, '2021-09-09 07:40:15']]",2021-09-09 07:40:15,2021-09-09 07:40:15
6288_up11,809603,"[[115.80046666666668, 28.70135, '2021-09-09 07:41:45'], [115.80046666666668, 28.70135, '2021-09-09 07:42:00'], [115.80038333333331, 28.701083333333333, '2021-09-09 07:42:15'], [115.80036666666666, 28.700866666666663, '2021-09-09 07:42:30'], [115.80031666666666, 28.700366666666667, '2021-09-09 07:42:45'], [115.80018333333334, 28.69953333333333, '2021-09-09 07:43:00'], [115.79998333333332, 28.69923333333333, '2021-09-09 07:43:15'], [115.7988, 28.69918333333333, '2021-09-09 07:43:30'], [115.79785, 28.69921666666667, '2021-09-09 07:43:45'], [115.79731666666666, 28.69921666666667, '2021-09-09 07:44:00']]",2021-09-09 07:41:45,2021-09-09 07:44:00
6288_up12,809603,"[[115.79203333333334, 28.699283333333334, '2021-09-09 07:45:00'], [115.79053333333331, 28.6993, '2021-09-09 07:45:15']]",2021-09-09 07:45:00,2021-09-09 07:45:15
6288_up13,809603,"[[115.78888333333332, 28.699316666666668, '2021-09-09 07:45:45'], [115.78888333333332, 28.699316666666668, '2021-09-09 07:46:00'], [115.78888333333332, 28.699316666666668, '2021-09-09 07:46:15'], [115.78695, 28.69933333333333, '2021-09-09 07:46:30']]",2021-09-09 07:45:45,2021-09-09 07:46:30
6288_up14,809603,"[[115.78248333333332, 28.699416666666668, '2021-09-09 07:47:00'], [115.78248333333332, 28.699416666666668, '2021-09-09 07:47:15'], [115.781, 28.699416666666668, '2021-09-09 07:47:30']]",2021-09-09 07:47:00,2021-09-09 07:47:30
6288_up15,809603,"[[115.77868333333332, 28.699483333333333, '2021-09-09 07:48:00'], [115.77843333333334, 28.70005, '2021-09-09 07:48:15']]",2021-09-09 07:48:00,2021-09-09 07:48:15
6288_up16,809603,"[[115.77865, 28.701966666666667, '2021-09-09 07:48:45']]",2021-09-09 07:48:45,2021-09-09 07:48:45
6288_up0,809603,"[[115.77886666666669, 28.71828333333333, '2021-09-13 12:43:00'], [115.778, 28.717366666666667, '2021-09-13 12:43:15'], [115.77703333333334, 28.716283333333333, '2021-09-13 12:43:30'], [115.77596666666666, 28.7151, '2021-09-13 12:43:45'], [115.77575, 28.714583333333334, '2021-09-13 12:44:00'], [115.77675, 28.7157, '2021-09-13 12:44:15'], [115.77788333333334, 28.7169, '2021-09-13 12:44:30'], [115.77888333333334, 28.718016666666667, '2021-09-13 12:44:45'], [115.77905, 28.71818333333333, '2021-09-13 12:45:00']]",2021-09-13 12:43:00,2021-09-13 12:45:00
6288_up1,809603,"[[115.77918333333334, 28.718333333333334, '2021-09-13 12:45:30'], [115.77918333333334, 28.718333333333334, '2021-09-13 12:45:45'], [115.77918333333334, 28.718333333333334, '2021-09-13 12:46:00'], [115.77918333333334, 28.718333333333334, '2021-09-13 12:46:15'], [115.77918333333334, 28.718333333333334, '2021-09-13 12:46:30'], [115.77918333333334, 28.718333333333334, '2021-09-13 12:46:45'], [115.77918333333334, 28.718333333333334, '2021-09-13 12:47:00'], [115.77918333333334, 28.71835, '2021-09-13 12:47:15'], [115.77918333333334, 28.71835, '2021-09-13 12:47:30'], [115.77918333333334, 28.71835, '2021-09-13 12:47:45'], [115.77918333333334, 28.71835, '2021-09-13 12:48:00'], [115.77918333333334, 28.71835, '2021-09-13 12:48:15'], [115.77918333333334, 28.71835, '2021-09-13 12:48:30'], [115.77918333333334, 28.71835, '2021-09-13 12:48:45'], [115.77918333333334, 28.71835, '2021-09-13 12:49:00'], [115.77918333333334, 28.718333333333334, '2021-09-13 12:49:15'], [115.77918333333334, 28.718333333333334, '2021-09-13 12:49:30'], [115.77918333333334, 28.718333333333334, '2021-09-13 12:49:45'], [115.77918333333334, 28.718333333333334, '2021-09-13 12:50:00'], [115.77918333333334, 28.718333333333334, '2021-09-13 12:50:15'], [115.77918333333334, 28.718333333333334, '2021-09-13 12:50:30'], [115.77918333333334, 28.718333333333334, '2021-09-13 12:50:45'], [115.77918333333334, 28.718333333333334, '2021-09-13 12:51:00'], [115.77918333333334, 28.71835, '2021-09-13 12:51:15'], [115.77918333333334, 28.71835, '2021-09-13 12:51:30'], [115.77918333333334, 28.71835, '2021-09-13 12:51:45'], [115.77918333333334, 28.71835, '2021-09-13 12:52:00'], [115.77918333333334, 28.71835, '2021-09-13 12:52:15'], [115.77918333333334, 28.71835, '2021-09-13 12:52:30'], [115.77918333333334, 28.71835, '2021-09-13 12:52:45'], [115.77918333333334, 28.71835, '2021-09-13 12:53:00'], [115.7792, 28.71835, '2021-09-13 12:53:15'], [115.7792, 28.71835, '2021-09-13 12:53:30'], [115.7792, 28.71835, '2021-09-13 12:53:45'], [115.7792, 28.71835, '2021-09-13 12:54:00'], [115.7792, 28.71835, '2021-09-13 12:54:15'], [115.7792, 28.71835, '2021-09-13 12:54:30'], [115.7792, 28.71835, '2021-09-13 12:54:45'], [115.7792, 28.71835, '2021-09-13 12:55:00'], [115.77918333333334, 28.718333333333334, '2021-09-13 12:55:15'], [115.77918333333334, 28.718333333333334, '2021-09-13 12:55:30'], [115.77918333333334, 28.718333333333334, '2021-09-13 12:55:45'], [115.77918333333334, 28.718333333333334, '2021-09-13 12:56:00'], [115.77918333333334, 28.718333333333334, '2021-09-13 12:56:15'], [115.77918333333334, 28.718333333333334, '2021-09-13 12:56:30'], [115.77918333333334, 28.718333333333334, '2021-09-13 12:56:45'], [115.77918333333334, 28.718333333333334, '2021-09-13 12:57:00'], [115.7792, 28.718333333333334, '2021-09-13 12:57:15'], [115.7792, 28.718333333333334, '2021-09-13 12:57:30'], [115.7792, 28.718333333333334, '2021-09-13 12:57:45'], [115.7792, 28.718333333333334, '2021-09-13 12:58:00'], [115.7792, 28.718333333333334, '2021-09-13 12:58:15'], [115.7792, 28.718333333333334, '2021-09-13 12:58:30'], [115.7792, 28.718333333333334, '2021-09-13 12:58:45'], [115.7792, 28.718333333333334, '2021-09-13 12:59:00'], [115.77918333333334, 28.718333333333334, '2021-09-13 12:59:15'], [115.77918333333334, 28.718333333333334, '2021-09-13 12:59:30'], [115.77918333333334, 28.718333333333334, '2021-09-13 12:59:45'], [115.77918333333334, 28.718333333333334, '2021-09-13 13:00:00'], [115.77918333333334, 28.718333333333334, '2021-09-13 13:00:15'], [115.77918333333334, 28.718333333333334, '2021-09-13 13:00:30'], [115.77918333333334, 28.718333333333334, '2021-09-13 13:00:45'], [115.77918333333334, 28.718333333333334, '2021-09-13 13:01:00'], [115.77918333333334, 28.71835, '2021-09-13 13:01:15'], [115.77918333333334, 28.71835, '2021-09-13 13:01:30'], [115.77918333333334, 28.71835, '2021-09-13 13:01:45'], [115.77918333333334, 28.71835, '2021-09-13 13:02:00'], [115.77918333333334, 28.71835, '2021-09-13 13:02:15'], [115.77918333333334, 28.71835, '2021-09-13 13:02:30'], [115.77918333333334, 28.71835, '2021-09-13 13:02:45'], [115.77918333333334, 28.71835, '2021-09-13 13:03:00'], [115.77918333333334, 28.718333333333334, '2021-09-13 13:03:15'], [115.77918333333334, 28.718333333333334, '2021-09-13 13:03:30'], [115.77918333333334, 28.718333333333334, '2021-09-13 13:03:45'], [115.77918333333334, 28.718333333333334, '2021-09-13 13:04:00'], [115.77918333333334, 28.718333333333334, '2021-09-13 13:04:15'], [115.77918333333334, 28.718333333333334, '2021-09-13 13:04:30'], [115.77918333333334, 28.718333333333334, '2021-09-13 13:04:45'], [115.77918333333334, 28.718333333333334, '2021-09-13 13:05:00'], [115.77918333333334, 28.718333333333334, '2021-09-13 13:05:15'], [115.77918333333334, 28.718333333333334, '2021-09-13 13:05:30'], [115.77918333333334, 28.718333333333334, '2021-09-13 13:05:45'], [115.77918333333334, 28.718333333333334, '2021-09-13 13:06:00'], [115.77918333333334, 28.718333333333334, '2021-09-13 13:06:15'], [115.77918333333334, 28.718333333333334, '2021-09-13 13:06:30'], [115.77918333333334, 28.718333333333334, '2021-09-13 13:06:45'], [115.77918333333334, 28.718333333333334, '2021-09-13 13:07:00'], [115.77918333333334, 28.718333333333334, '2021-09-13 13:07:15'], [115.77918333333334, 28.718333333333334, '2021-09-13 13:07:30'], [115.77918333333334, 28.718333333333334, '2021-09-13 13:07:45'], [115.77918333333334, 28.718333333333334, '2021-09-13 13:08:00'], [115.77918333333334, 28.718333333333334, '2021-09-13 13:08:15'], [115.77918333333334, 28.718333333333334, '2021-09-13 13:08:30'], [115.77918333333334, 28.718333333333334, '2021-09-13 13:08:45'], [115.77918333333334, 28.718333333333334, '2021-09-13 13:09:00'], [115.7792, 28.718333333333334, '2021-09-13 13:09:15'], [115.7792, 28.718333333333334, '2021-09-13 13:09:30'], [115.7792, 28.718333333333334, '2021-09-13 13:09:45'], [115.7792, 28.718333333333334, '2021-09-13 13:10:00'], [115.7792, 28.718333333333334, '2021-09-13 13:10:15'], [115.7792, 28.718333333333334, '2021-09-13 13:10:30'], [115.7792, 28.718333333333334, '2021-09-13 13:10:45'], [115.7792, 28.718333333333334, '2021-09-13 13:11:00'], [115.7792, 28.71835, '2021-09-13 13:11:15'], [115.7792, 28.71835, '2021-09-13 13:11:30'], [115.7792, 28.71835, '2021-09-13 13:11:45'], [115.7792, 28.71835, '2021-09-13 13:12:00'], [115.7792, 28.71835, '2021-09-13 13:12:15'], [115.7792, 28.71835, '2021-09-13 13:12:30'], [115.7792, 28.71835, '2021-09-13 13:12:45'], [115.7792, 28.71835, '2021-09-13 13:13:00'], [115.77918333333334, 28.71835, '2021-09-13 13:13:15'], [115.77918333333334, 28.71835, '2021-09-13 13:13:30'], [115.77918333333334, 28.71835, '2021-09-13 13:13:45'], [115.77918333333334, 28.71835, '2021-09-13 13:14:00'], [115.77918333333334, 28.71835, '2021-09-13 13:14:15'], [115.77918333333334, 28.71835, '2021-09-13 13:14:30'], [115.77918333333334, 28.71835, '2021-09-13 13:14:45'], [115.77918333333334, 28.71835, '2021-09-13 13:15:00'], [115.77918333333334, 28.718333333333334, '2021-09-13 13:15:15'], [115.77918333333334, 28.718333333333334, '2021-09-13 13:15:30'], [115.77918333333334, 28.718333333333334, '2021-09-13 13:15:45'], [115.77918333333334, 28.718333333333334, '2021-09-13 13:16:00'], [115.77918333333334, 28.718333333333334, '2021-09-13 13:16:15'], [115.77918333333334, 28.718333333333334, '2021-09-13 13:16:30'], [115.77918333333334, 28.718333333333334, '2021-09-13 13:16:45'], [115.77918333333334, 28.718333333333334, '2021-09-13 13:17:00'], [115.77918333333334, 28.718333333333334, '2021-09-13 13:17:15'], [115.77918333333334, 28.718333333333334, '2021-09-13 13:17:30'], [115.77918333333334, 28.718333333333334, '2021-09-13 13:17:45'], [115.77918333333334, 28.718333333333334, '2021-09-13 13:18:00'], [115.77918333333334, 28.718333333333334, '2021-09-13 13:18:15'], [115.77918333333334, 28.718333333333334, '2021-09-13 13:18:30'], [115.77918333333334, 28.718333333333334, '2021-09-13 13:18:45'], [115.77918333333334, 28.718333333333334, '2021-09-13 13:19:00'], [115.77918333333334, 28.718333333333334, '2021-09-13 13:19:15'], [115.77918333333334, 28.718333333333334, '2021-09-13 13:19:30'], [115.77918333333334, 28.718333333333334, '2021-09-13 13:19:45'], [115.77918333333334, 28.718333333333334, '2021-09-13 13:20:00'], [115.77918333333334, 28.718333333333334, '2021-09-13 13:20:15'], [115.77918333333334, 28.718333333333334, '2021-09-13 13:20:30'], [115.77918333333334, 28.718333333333334, '2021-09-13 13:20:45'], [115.77918333333334, 28.718333333333334, '2021-09-13 13:21:00'], [115.77918333333334, 28.718333333333334, '2021-09-13 13:21:15'], [115.77946666666666, 28.71865, '2021-09-13 13:21:30'], [115.77978333333331, 28.719, '2021-09-13 13:21:45'], [115.7807, 28.720033333333333, '2021-09-13 13:22:00'], [115.78176666666668, 28.7206, '2021-09-13 13:22:15'], [115.78431666666668, 28.7192, '2021-09-13 13:22:30']]",2021-09-13 12:45:30,2021-09-13 13:22:30
6288_up2,809603,"[[115.7868, 28.71773333333333, '2021-09-13 13:23:00'], [115.78643333333332, 28.71675, '2021-09-13 13:23:15'], [115.78558333333334, 28.71558333333333, '2021-09-13 13:23:30']]",2021-09-13 13:23:00,2021-09-13 13:23:30
6288_up3,809603,"[[115.78445, 28.712866666666667, '2021-09-13 13:24:00'], [115.78441666666669, 28.71135, '2021-09-13 13:24:15'], [115.78495, 28.71065, '2021-09-13 13:24:30'], [115.78615, 28.710216666666668, '2021-09-13 13:24:45'], [115.78751666666666, 28.70973333333333, '2021-09-13 13:25:00'], [115.78875, 28.70945, '2021-09-13 13:25:15'], [115.79021666666668, 28.70935, '2021-09-13 13:25:30'], [115.79056666666666, 28.70808333333333, '2021-09-13 13:25:45'], [115.79061666666666, 28.707916666666662, '2021-09-13 13:26:00'], [115.7907, 28.707916666666662, '2021-09-13 13:26:15'], [115.7907, 28.707916666666662, '2021-09-13 13:26:30'], [115.7907, 28.707916666666662, '2021-09-13 13:26:45'], [115.7907, 28.707916666666662, '2021-09-13 13:27:00'], [115.7907, 28.707916666666662, '2021-09-13 13:27:15'], [115.7907, 28.707916666666662, '2021-09-13 13:27:30'], [115.7907, 28.707916666666662, '2021-09-13 13:27:45'], [115.7907, 28.707916666666662, '2021-09-13 13:28:00'], [115.79061666666666, 28.707916666666662, '2021-09-13 13:28:15'], [115.79061666666666, 28.707916666666662, '2021-09-13 13:28:30'], [115.79061666666666, 28.707916666666662, '2021-09-13 13:28:45']]",2021-09-13 13:24:00,2021-09-13 13:28:45
6288_up4,809603,"[[115.79045, 28.7124, '2021-09-13 13:29:45'], [115.79045, 28.7124, '2021-09-13 13:30:00'], [115.79065, 28.713766666666668, '2021-09-13 13:30:15']]",2021-09-13 13:29:45,2021-09-13 13:30:15
6288_up6,809603,"[[115.7938, 28.7148, '2021-09-13 13:31:15'], [115.7955, 28.714566666666663, '2021-09-13 13:31:30'], [115.79646666666666, 28.71453333333333, '2021-09-13 13:31:45'], [115.79661666666668, 28.71451666666667, '2021-09-13 13:32:00'], [115.79756666666668, 28.71448333333333, '2021-09-13 13:32:15']]",2021-09-13 13:31:15,2021-09-13 13:32:15
6288_up7,809603,"[[115.80096666666668, 28.7149, '2021-09-13 13:32:45'], [115.80271666666668, 28.71538333333333, '2021-09-13 13:33:00'], [115.80451666666669, 28.71585, '2021-09-13 13:33:15'], [115.80636666666666, 28.716066666666663, '2021-09-13 13:33:30']]",2021-09-13 13:32:45,2021-09-13 13:33:30
6288_up8,809603,"[[115.80701666666668, 28.71473333333333, '2021-09-13 13:34:00']]",2021-09-13 13:34:00,2021-09-13 13:34:00
6288_up9,809603,"[[115.80513333333332, 28.711966666666665, '2021-09-13 13:34:30'], [115.80443333333334, 28.711066666666667, '2021-09-13 13:34:45'], [115.80391666666668, 28.710416666666667, '2021-09-13 13:35:00'], [115.80385, 28.71035, '2021-09-13 13:35:15'], [115.80385, 28.71035, '2021-09-13 13:35:30'], [115.80385, 28.71035, '2021-09-13 13:35:45'], [115.80385, 28.71035, '2021-09-13 13:36:00'], [115.80341666666666, 28.70975, '2021-09-13 13:36:15'], [115.8027, 28.70898333333333, '2021-09-13 13:36:30']]",2021-09-13 13:34:30,2021-09-13 13:36:30
6288_up10,809603,"[[115.8019, 28.708033333333333, '2021-09-13 13:37:00'], [115.8019, 28.708033333333333, '2021-09-13 13:37:15'], [115.8019, 28.708033333333333, '2021-09-13 13:37:30'], [115.80158333333334, 28.7076, '2021-09-13 13:37:45'], [115.8009, 28.7064, '2021-09-13 13:38:00'], [115.80076666666666, 28.705133333333333, '2021-09-13 13:38:15'], [115.80071666666667, 28.70448333333333, '2021-09-13 13:38:30'], [115.80071666666667, 28.70448333333333, '2021-09-13 13:38:45'], [115.80071666666667, 28.70448333333333, '2021-09-13 13:39:00'], [115.8007, 28.70403333333333, '2021-09-13 13:39:15']]",2021-09-13 13:37:00,2021-09-13 13:39:15
6288_up11,809603,"[[115.80033333333331, 28.700816666666668, '2021-09-13 13:40:15'], [115.80026666666669, 28.69988333333333, '2021-09-13 13:40:30'], [115.79988333333333, 28.69918333333333, '2021-09-13 13:40:45']]",2021-09-13 13:40:15,2021-09-13 13:40:45
6288_up12,809603,"[[115.79468333333334, 28.69923333333333, '2021-09-13 13:41:45'], [115.793, 28.699266666666663, '2021-09-13 13:42:00'], [115.79125, 28.6993, '2021-09-13 13:42:15'], [115.78936666666668, 28.699316666666668, '2021-09-13 13:42:30']]",2021-09-13 13:41:45,2021-09-13 13:42:30
6288_up13,809603,"[[115.78588333333332, 28.699366666666663, '2021-09-13 13:43:00']]",2021-09-13 13:43:00,2021-09-13 13:43:00
6288_up14,809603,"[[115.78443333333334, 28.699383333333333, '2021-09-13 13:43:30'], [115.78443333333334, 28.699383333333333, '2021-09-13 13:43:45'], [115.78351666666669, 28.699416666666668, '2021-09-13 13:44:00'], [115.78183333333334, 28.699416666666668, '2021-09-13 13:44:15'], [115.7805, 28.69943333333333, '2021-09-13 13:44:30']]",2021-09-13 13:43:30,2021-09-13 13:44:30
6288_up15,809603,"[[115.77888333333334, 28.699483333333333, '2021-09-13 13:45:00'], [115.77888333333334, 28.699483333333333, '2021-09-13 13:45:15'], [115.77888333333334, 28.699483333333333, '2021-09-13 13:45:30'], [115.77888333333334, 28.699483333333333, '2021-09-13 13:45:45'], [115.77841666666669, 28.69988333333333, '2021-09-13 13:46:00']]",2021-09-13 13:45:00,2021-09-13 13:46:00
6288_up16,809603,"[[115.77873333333334, 28.70213333333333, '2021-09-13 13:46:30'], [115.77918333333334, 28.703133333333334, '2021-09-13 13:46:45']]",2021-09-13 13:46:30,2021-09-13 13:46:45
6288_up0,809603,"[[115.78026666666666, 28.702916666666667, '2021-09-09 10:57:00'], [115.78026666666666, 28.702916666666667, '2021-09-09 10:57:15'], [115.78026666666666, 28.702916666666667, '2021-09-09 10:57:30'], [115.78026666666666, 28.702916666666667, '2021-09-09 10:57:45'], [115.78025, 28.702816666666667, '2021-09-09 10:58:00'], [115.78025, 28.702816666666667, '2021-09-09 10:58:15'], [115.78025, 28.702816666666667, '2021-09-09 10:58:30'], [115.78025, 28.702816666666667, '2021-09-09 10:58:45'], [115.78025, 28.702816666666667, '2021-09-09 10:59:00'], [115.78025, 28.702816666666667, '2021-09-09 10:59:15'], [115.78025, 28.702816666666667, '2021-09-09 10:59:30'], [115.78025, 28.702816666666667, '2021-09-09 10:59:45'], [115.78025, 28.702816666666667, '2021-09-09 11:00:00'], [115.78025, 28.702816666666667, '2021-09-09 11:00:15'], [115.78025, 28.702816666666667, '2021-09-09 11:00:30'], [115.78025, 28.702816666666667, '2021-09-09 11:00:45'], [115.78025, 28.702816666666667, '2021-09-09 11:01:15'], [115.78025, 28.702816666666667, '2021-09-09 11:01:30'], [115.78025, 28.702816666666667, '2021-09-09 11:01:45'], [115.78026666666666, 28.702816666666667, '2021-09-09 11:02:00'], [115.78026666666666, 28.702816666666667, '2021-09-09 11:02:15'], [115.78026666666666, 28.702816666666667, '2021-09-09 11:02:45'], [115.78026666666666, 28.702816666666667, '2021-09-09 11:03:00'], [115.78026666666666, 28.702816666666667, '2021-09-09 11:03:15'], [115.78026666666666, 28.702816666666667, '2021-09-09 11:03:30'], [115.78026666666666, 28.702816666666667, '2021-09-09 11:04:00'], [115.78026666666666, 28.702816666666667, '2021-09-09 11:04:15'], [115.78026666666666, 28.702816666666667, '2021-09-09 11:04:45'], [115.78026666666666, 28.702816666666667, '2021-09-09 11:05:00'], [115.78026666666666, 28.702816666666667, '2021-09-09 11:05:15'], [115.78026666666666, 28.702816666666667, '2021-09-09 11:05:45'], [115.78025, 28.702816666666667, '2021-09-09 11:06:15'], [115.78025, 28.702816666666667, '2021-09-09 11:06:30'], [115.78025, 28.702816666666667, '2021-09-09 11:06:45'], [115.78025, 28.702816666666667, '2021-09-09 11:07:00'], [115.78025, 28.702816666666667, '2021-09-09 11:07:15'], [115.78025, 28.702816666666667, '2021-09-09 11:07:45'], [115.78025, 28.702816666666667, '2021-09-09 11:08:00'], [115.78025, 28.702816666666667, '2021-09-09 11:08:30'], [115.78025, 28.702816666666667, '2021-09-09 11:08:45'], [115.78025, 28.702816666666667, '2021-09-09 11:09:00'], [115.78025, 28.702816666666667, '2021-09-09 11:09:15'], [115.78025, 28.702816666666667, '2021-09-09 11:09:30'], [115.78025, 28.702816666666667, '2021-09-09 11:09:45'], [115.78025, 28.702816666666667, '2021-09-09 11:10:00'], [115.78025, 28.702816666666667, '2021-09-09 11:10:15'], [115.78025, 28.702816666666667, '2021-09-09 11:10:30'], [115.78025, 28.702816666666667, '2021-09-09 11:10:45'], [115.78025, 28.702816666666667, '2021-09-09 11:11:00'], [115.78025, 28.702816666666667, '2021-09-09 11:11:30'], [115.78025, 28.70283333333333, '2021-09-09 11:11:45'], [115.78025, 28.70283333333333, '2021-09-09 11:12:00'], [115.78025, 28.70283333333333, '2021-09-09 11:12:15'], [115.78025, 28.70283333333333, '2021-09-09 11:12:30'], [115.78025, 28.70283333333333, '2021-09-09 11:12:45'], [115.78025, 28.70283333333333, '2021-09-09 11:13:00'], [115.78025, 28.70283333333333, '2021-09-09 11:13:15'], [115.78025, 28.70283333333333, '2021-09-09 11:13:30'], [115.78026666666666, 28.702816666666667, '2021-09-09 11:13:45'], [115.78026666666666, 28.702816666666667, '2021-09-09 11:14:00'], [115.78026666666666, 28.702816666666667, '2021-09-09 11:14:15'], [115.78026666666666, 28.702816666666667, '2021-09-09 11:14:45'], [115.78026666666666, 28.702816666666667, '2021-09-09 11:15:00'], [115.78026666666666, 28.702816666666667, '2021-09-09 11:15:15'], [115.78026666666666, 28.702816666666667, '2021-09-09 11:15:30'], [115.78026666666666, 28.702816666666667, '2021-09-09 11:15:45'], [115.78026666666666, 28.702816666666667, '2021-09-09 11:16:00'], [115.78026666666666, 28.702816666666667, '2021-09-09 11:16:15'], [115.78026666666666, 28.702816666666667, '2021-09-09 11:16:30'], [115.78026666666666, 28.702816666666667, '2021-09-09 11:17:00'], [115.78026666666666, 28.702816666666667, '2021-09-09 11:17:15'], [115.78026666666666, 28.702816666666667, '2021-09-09 11:17:30'], [115.78026666666666, 28.702816666666667, '2021-09-09 11:17:45'], [115.78026666666666, 28.702816666666667, '2021-09-09 11:18:00'], [115.78026666666666, 28.702816666666667, '2021-09-09 11:18:15'], [115.78026666666666, 28.702816666666667, '2021-09-09 11:18:30'], [115.78026666666666, 28.702816666666667, '2021-09-09 11:18:45'], [115.78026666666666, 28.702816666666667, '2021-09-09 11:19:00'], [115.78026666666666, 28.702816666666667, '2021-09-09 11:19:30'], [115.78026666666666, 28.702816666666667, '2021-09-09 11:19:45'], [115.78026666666666, 28.702816666666667, '2021-09-09 11:20:00'], [115.78026666666666, 28.702816666666667, '2021-09-09 11:20:15'], [115.78026666666666, 28.702816666666667, '2021-09-09 11:20:30'], [115.78026666666666, 28.702816666666667, '2021-09-09 11:20:45'], [115.78026666666666, 28.702816666666667, '2021-09-09 11:21:00'], [115.78026666666666, 28.702816666666667, '2021-09-09 11:21:15'], [115.78026666666666, 28.702816666666667, '2021-09-09 11:21:30'], [115.78026666666666, 28.702816666666667, '2021-09-09 11:21:45'], [115.78026666666666, 28.702816666666667, '2021-09-09 11:22:00'], [115.78026666666666, 28.702816666666667, '2021-09-09 11:22:15'], [115.78026666666666, 28.702816666666667, '2021-09-09 11:22:30'], [115.78026666666666, 28.702816666666667, '2021-09-09 11:22:45'], [115.78026666666666, 28.702816666666667, '2021-09-09 11:23:00'], [115.78026666666666, 28.702816666666667, '2021-09-09 11:23:30'], [115.78026666666666, 28.702816666666667, '2021-09-09 11:23:45'], [115.78026666666666, 28.702816666666667, '2021-09-09 11:24:15'], [115.78026666666666, 28.702816666666667, '2021-09-09 11:24:30'], [115.78026666666666, 28.702816666666667, '2021-09-09 11:24:45'], [115.78026666666666, 28.702816666666667, '2021-09-09 11:25:00'], [115.78026666666666, 28.702816666666667, '2021-09-09 11:25:30'], [115.78026666666666, 28.702816666666667, '2021-09-09 11:25:45'], [115.78026666666666, 28.702816666666667, '2021-09-09 11:26:15'], [115.78026666666666, 28.702816666666667, '2021-09-09 11:26:45'], [115.78026666666666, 28.702816666666667, '2021-09-09 11:27:00'], [115.78026666666666, 28.702816666666667, '2021-09-09 11:27:30'], [115.78026666666666, 28.702816666666667, '2021-09-09 11:27:45'], [115.78026666666666, 28.702816666666667, '2021-09-09 11:28:00'], [115.78026666666666, 28.702816666666667, '2021-09-09 11:28:15'], [115.78026666666666, 28.702816666666667, '2021-09-09 11:28:45'], [115.78026666666666, 28.702816666666667, '2021-09-09 11:29:00'], [115.78026666666666, 28.702816666666667, '2021-09-09 11:29:15'], [115.78026666666666, 28.702816666666667, '2021-09-09 11:29:30'], [115.78026666666666, 28.702816666666667, '2021-09-09 11:29:45'], [115.78026666666666, 28.702816666666667, '2021-09-09 11:30:00'], [115.78026666666666, 28.702816666666667, '2021-09-09 11:30:15'], [115.78026666666666, 28.702816666666667, '2021-09-09 11:30:30'], [115.78026666666666, 28.702816666666667, '2021-09-09 11:31:00'], [115.78026666666666, 28.702816666666667, '2021-09-09 11:31:30'], [115.78028333333332, 28.70283333333333, '2021-09-09 11:32:15'], [115.78028333333332, 28.70283333333333, '2021-09-09 11:32:45'], [115.78028333333332, 28.70283333333333, '2021-09-09 11:33:15'], [115.78028333333332, 28.70283333333333, '2021-09-09 11:33:30'], [115.78028333333332, 28.70283333333333, '2021-09-09 11:33:45'], [115.78026666666666, 28.702816666666667, '2021-09-09 11:34:00'], [115.78026666666666, 28.702816666666667, '2021-09-09 11:34:15'], [115.78026666666666, 28.702816666666667, '2021-09-09 11:34:30'], [115.77958333333332, 28.702916666666667, '2021-09-09 11:34:45'], [115.77923333333334, 28.7033, '2021-09-09 11:35:00'], [115.77995, 28.7048, '2021-09-09 11:35:30'], [115.7794, 28.705116666666665, '2021-09-09 11:36:00'], [115.7791, 28.70508333333333, '2021-09-09 11:36:15'], [115.77796666666669, 28.705, '2021-09-09 11:36:30'], [115.77685, 28.705583333333333, '2021-09-09 11:36:45'], [115.77585, 28.706233333333333, '2021-09-09 11:37:00'], [115.7753, 28.707166666666662, '2021-09-09 11:37:15'], [115.77436666666668, 28.70808333333333, '2021-09-09 11:37:30'], [115.77431666666666, 28.70875, '2021-09-09 11:37:45'], [115.77613333333332, 28.709116666666667, '2021-09-09 11:38:15'], [115.77736666666668, 28.70913333333333, '2021-09-09 11:38:30'], [115.77791666666668, 28.709116666666667, '2021-09-09 11:38:45']]",2021-09-09 10:57:00,2021-09-09 11:38:45
6288_up1,809603,"[[115.7789, 28.70863333333333, '2021-09-09 11:39:15'], [115.77898333333331, 28.708666666666662, '2021-09-09 11:39:30'], [115.77898333333331, 28.708666666666662, '2021-09-09 11:39:45'], [115.77898333333331, 28.708666666666662, '2021-09-09 11:40:00'], [115.77898333333331, 28.708666666666662, '2021-09-09 11:40:15'], [115.77898333333331, 28.708666666666662, '2021-09-09 11:40:30'], [115.77898333333331, 28.708666666666662, '2021-09-09 11:40:45'], [115.77898333333331, 28.708666666666662, '2021-09-09 11:41:00'], [115.77898333333331, 28.708666666666662, '2021-09-09 11:41:15'], [115.77896666666666, 28.7086, '2021-09-09 11:41:30'], [115.77896666666666, 28.7086, '2021-09-09 11:41:45'], [115.77896666666666, 28.7086, '2021-09-09 11:42:00'], [115.77896666666666, 28.7086, '2021-09-09 11:42:15'], [115.77896666666666, 28.7086, '2021-09-09 11:42:30'], [115.77896666666666, 28.7086, '2021-09-09 11:42:45'], [115.77896666666666, 28.7086, '2021-09-09 11:43:00'], [115.77896666666666, 28.7086, '2021-09-09 11:43:15'], [115.77896666666666, 28.7086, '2021-09-09 11:43:30'], [115.77896666666666, 28.7086, '2021-09-09 11:43:45'], [115.77896666666666, 28.7086, '2021-09-09 11:44:00'], [115.77896666666666, 28.7086, '2021-09-09 11:44:15'], [115.77896666666666, 28.7086, '2021-09-09 11:44:30'], [115.77896666666666, 28.7086, '2021-09-09 11:44:45'], [115.77896666666666, 28.7086, '2021-09-09 11:45:00']]",2021-09-09 11:39:15,2021-09-09 11:45:00
6288_up15,809603,"[[115.78025, 28.702816666666667, '2021-09-09 11:07:00']]",2021-09-09 11:07:00,2021-09-09 11:07:00
6288_up0,809603,"[[115.77881666666669, 28.718316666666663, '2021-09-09 12:42:30'], [115.77715, 28.716483333333333, '2021-09-09 12:42:45'], [115.77601666666666, 28.7152, '2021-09-09 12:43:00'], [115.77571666666668, 28.714566666666663, '2021-09-09 12:43:15'], [115.77658333333332, 28.71555, '2021-09-09 12:43:30'], [115.77771666666666, 28.71676666666667, '2021-09-09 12:43:45'], [115.77771666666666, 28.71676666666667, '2021-09-09 12:44:00'], [115.77905, 28.71823333333333, '2021-09-09 12:44:15'], [115.77923333333334, 28.718416666666663, '2021-09-09 12:44:30'], [115.77923333333334, 28.718433333333333, '2021-09-09 12:44:45'], [115.77923333333334, 28.718433333333333, '2021-09-09 12:45:00'], [115.77923333333334, 28.718433333333333, '2021-09-09 12:45:15'], [115.77923333333334, 28.718433333333333, '2021-09-09 12:45:30'], [115.77923333333334, 28.718433333333333, '2021-09-09 12:45:45'], [115.77923333333334, 28.718433333333333, '2021-09-09 12:46:00'], [115.77923333333334, 28.718433333333333, '2021-09-09 12:46:15'], [115.77923333333334, 28.718433333333333, '2021-09-09 12:46:30'], [115.77921666666668, 28.718433333333333, '2021-09-09 12:46:45'], [115.77921666666668, 28.718433333333333, '2021-09-09 12:47:00'], [115.77921666666668, 28.718433333333333, '2021-09-09 12:47:15'], [115.77921666666668, 28.718433333333333, '2021-09-09 12:47:30'], [115.77921666666668, 28.718433333333333, '2021-09-09 12:47:45'], [115.77921666666668, 28.718433333333333, '2021-09-09 12:48:00'], [115.77921666666668, 28.718433333333333, '2021-09-09 12:48:15'], [115.77921666666668, 28.718433333333333, '2021-09-09 12:48:30'], [115.77921666666668, 28.718433333333333, '2021-09-09 12:48:45']]",2021-09-09 12:42:30,2021-09-09 12:48:45
6288_up1,809603,"[[115.77921666666668, 28.718416666666663, '2021-09-09 12:49:15'], [115.77921666666668, 28.718416666666663, '2021-09-09 12:49:30'], [115.77921666666668, 28.718416666666663, '2021-09-09 12:49:45'], [115.77921666666668, 28.718416666666663, '2021-09-09 12:50:00'], [115.77921666666668, 28.718416666666663, '2021-09-09 12:50:15'], [115.77921666666668, 28.718416666666663, '2021-09-09 12:50:30'], [115.77921666666668, 28.718416666666663, '2021-09-09 12:50:45'], [115.77921666666668, 28.718416666666663, '2021-09-09 12:51:00'], [115.77921666666668, 28.718416666666663, '2021-09-09 12:51:15'], [115.77921666666668, 28.718416666666663, '2021-09-09 12:51:30'], [115.77921666666668, 28.718416666666663, '2021-09-09 12:51:45'], [115.77921666666668, 28.718416666666663, '2021-09-09 12:52:00'], [115.77921666666668, 28.718416666666663, '2021-09-09 12:52:15'], [115.77921666666668, 28.718416666666663, '2021-09-09 12:52:30'], [115.77921666666668, 28.718416666666663, '2021-09-09 12:52:45'], [115.77923333333334, 28.718433333333333, '2021-09-09 12:53:00'], [115.77923333333334, 28.718433333333333, '2021-09-09 12:53:15'], [115.77923333333334, 28.718433333333333, '2021-09-09 12:53:30'], [115.77923333333334, 28.718433333333333, '2021-09-09 12:53:45'], [115.77923333333334, 28.718433333333333, '2021-09-09 12:54:00'], [115.77923333333334, 28.718433333333333, '2021-09-09 12:54:15'], [115.77923333333334, 28.718433333333333, '2021-09-09 12:54:30'], [115.77923333333334, 28.718433333333333, '2021-09-09 12:54:45'], [115.77923333333334, 28.718433333333333, '2021-09-09 12:55:00'], [115.77923333333334, 28.718433333333333, '2021-09-09 12:55:15'], [115.77923333333334, 28.718433333333333, '2021-09-09 12:55:30'], [115.77923333333334, 28.718433333333333, '2021-09-09 12:55:45'], [115.77923333333334, 28.718433333333333, '2021-09-09 12:56:00'], [115.77923333333334, 28.718433333333333, '2021-09-09 12:56:15'], [115.77923333333334, 28.718433333333333, '2021-09-09 12:56:30'], [115.77923333333334, 28.718433333333333, '2021-09-09 12:56:45'], [115.77921666666668, 28.718433333333333, '2021-09-09 12:57:00'], [115.77921666666668, 28.718433333333333, '2021-09-09 12:57:15'], [115.77921666666668, 28.718433333333333, '2021-09-09 12:57:30'], [115.77921666666668, 28.718433333333333, '2021-09-09 12:57:45'], [115.77921666666668, 28.718433333333333, '2021-09-09 12:58:00'], [115.77921666666668, 28.718433333333333, '2021-09-09 12:58:15'], [115.77921666666668, 28.718433333333333, '2021-09-09 12:58:30'], [115.77921666666668, 28.718433333333333, '2021-09-09 12:58:45'], [115.77921666666668, 28.718433333333333, '2021-09-09 12:59:00'], [115.77921666666668, 28.718433333333333, '2021-09-09 12:59:15'], [115.77921666666668, 28.718433333333333, '2021-09-09 12:59:30'], [115.77921666666668, 28.718433333333333, '2021-09-09 12:59:45'], [115.77921666666668, 28.718433333333333, '2021-09-09 13:00:00'], [115.77921666666668, 28.718433333333333, '2021-09-09 13:00:15'], [115.77921666666668, 28.718433333333333, '2021-09-09 13:00:30'], [115.77921666666668, 28.718433333333333, '2021-09-09 13:00:45'], [115.77921666666668, 28.718433333333333, '2021-09-09 13:01:00'], [115.77921666666668, 28.718433333333333, '2021-09-09 13:01:15'], [115.77921666666668, 28.718433333333333, '2021-09-09 13:01:30'], [115.77921666666668, 28.718433333333333, '2021-09-09 13:01:45'], [115.77921666666668, 28.718433333333333, '2021-09-09 13:02:00'], [115.77921666666668, 28.718433333333333, '2021-09-09 13:02:15'], [115.77921666666668, 28.718433333333333, '2021-09-09 13:02:30'], [115.77921666666668, 28.718416666666663, '2021-09-09 13:02:45'], [115.77921666666668, 28.718416666666663, '2021-09-09 13:03:00'], [115.77921666666668, 28.718416666666663, '2021-09-09 13:03:15'], [115.77921666666668, 28.718416666666663, '2021-09-09 13:03:30'], [115.77921666666668, 28.718416666666663, '2021-09-09 13:03:45'], [115.77921666666668, 28.718416666666663, '2021-09-09 13:04:00'], [115.77921666666668, 28.718416666666663, '2021-09-09 13:04:15'], [115.77921666666668, 28.718416666666663, '2021-09-09 13:04:30'], [115.77923333333334, 28.718416666666663, '2021-09-09 13:04:45'], [115.77923333333334, 28.718416666666663, '2021-09-09 13:05:00'], [115.77923333333334, 28.718416666666663, '2021-09-09 13:05:15'], [115.77923333333334, 28.718416666666663, '2021-09-09 13:05:30'], [115.77923333333334, 28.718416666666663, '2021-09-09 13:05:45'], [115.77923333333334, 28.718416666666663, '2021-09-09 13:06:00'], [115.77923333333334, 28.718416666666663, '2021-09-09 13:06:15'], [115.77923333333334, 28.718416666666663, '2021-09-09 13:06:30'], [115.77921666666668, 28.718433333333333, '2021-09-09 13:06:45'], [115.77921666666668, 28.718433333333333, '2021-09-09 13:07:00'], [115.77921666666668, 28.718433333333333, '2021-09-09 13:07:15'], [115.77921666666668, 28.718433333333333, '2021-09-09 13:07:30'], [115.77921666666668, 28.718433333333333, '2021-09-09 13:07:45'], [115.77921666666668, 28.718433333333333, '2021-09-09 13:08:00'], [115.77921666666668, 28.718433333333333, '2021-09-09 13:08:15'], [115.77921666666668, 28.718433333333333, '2021-09-09 13:08:30'], [115.77923333333334, 28.718433333333333, '2021-09-09 13:08:45'], [115.77923333333334, 28.718433333333333, '2021-09-09 13:09:00'], [115.77923333333334, 28.718433333333333, '2021-09-09 13:09:15'], [115.77923333333334, 28.718433333333333, '2021-09-09 13:09:30'], [115.77923333333334, 28.718433333333333, '2021-09-09 13:09:45'], [115.77923333333334, 28.718433333333333, '2021-09-09 13:10:00'], [115.77923333333334, 28.718433333333333, '2021-09-09 13:10:15'], [115.77923333333334, 28.718433333333333, '2021-09-09 13:10:30'], [115.77921666666668, 28.718433333333333, '2021-09-09 13:10:45'], [115.77921666666668, 28.718433333333333, '2021-09-09 13:11:00'], [115.77921666666668, 28.718433333333333, '2021-09-09 13:11:15'], [115.77921666666668, 28.718433333333333, '2021-09-09 13:11:30'], [115.77921666666668, 28.718433333333333, '2021-09-09 13:11:45'], [115.77921666666668, 28.718433333333333, '2021-09-09 13:12:00'], [115.77921666666668, 28.718433333333333, '2021-09-09 13:12:15'], [115.77923333333334, 28.718433333333333, '2021-09-09 13:12:30'], [115.77923333333334, 28.718433333333333, '2021-09-09 13:12:45'], [115.77923333333334, 28.718433333333333, '2021-09-09 13:13:00'], [115.77923333333334, 28.718433333333333, '2021-09-09 13:13:15'], [115.77923333333334, 28.718433333333333, '2021-09-09 13:13:30'], [115.77923333333334, 28.718433333333333, '2021-09-09 13:13:45'], [115.77923333333334, 28.718433333333333, '2021-09-09 13:14:00'], [115.77923333333334, 28.718433333333333, '2021-09-09 13:14:15'], [115.77921666666668, 28.718433333333333, '2021-09-09 13:14:30'], [115.77921666666668, 28.718433333333333, '2021-09-09 13:14:45'], [115.77921666666668, 28.718433333333333, '2021-09-09 13:15:00'], [115.77921666666668, 28.718433333333333, '2021-09-09 13:15:15'], [115.77921666666668, 28.718433333333333, '2021-09-09 13:15:30'], [115.77921666666668, 28.718433333333333, '2021-09-09 13:15:45'], [115.77921666666668, 28.718433333333333, '2021-09-09 13:16:00'], [115.77921666666668, 28.718433333333333, '2021-09-09 13:16:15'], [115.77923333333334, 28.718416666666663, '2021-09-09 13:16:30'], [115.77923333333334, 28.718416666666663, '2021-09-09 13:16:45'], [115.77923333333334, 28.718416666666663, '2021-09-09 13:17:00'], [115.77923333333334, 28.718416666666663, '2021-09-09 13:17:15'], [115.77923333333334, 28.718416666666663, '2021-09-09 13:17:30'], [115.77923333333334, 28.718416666666663, '2021-09-09 13:17:45'], [115.77923333333334, 28.718416666666663, '2021-09-09 13:18:00'], [115.77923333333334, 28.718416666666663, '2021-09-09 13:18:15'], [115.77921666666668, 28.718433333333333, '2021-09-09 13:18:30'], [115.77921666666668, 28.718433333333333, '2021-09-09 13:18:45'], [115.77921666666668, 28.718433333333333, '2021-09-09 13:19:00'], [115.77921666666668, 28.718433333333333, '2021-09-09 13:19:15'], [115.77921666666668, 28.718433333333333, '2021-09-09 13:19:30'], [115.77921666666668, 28.718433333333333, '2021-09-09 13:19:45'], [115.77921666666668, 28.718433333333333, '2021-09-09 13:20:00'], [115.77923333333334, 28.718433333333333, '2021-09-09 13:20:15'], [115.77923333333334, 28.718433333333333, '2021-09-09 13:20:30'], [115.77923333333334, 28.718433333333333, '2021-09-09 13:20:45'], [115.77923333333334, 28.718433333333333, '2021-09-09 13:21:00'], [115.77978333333331, 28.71905, '2021-09-09 13:21:15'], [115.77978333333331, 28.71905, '2021-09-09 13:21:30'], [115.78195, 28.720566666666667, '2021-09-09 13:21:45'], [115.78328333333332, 28.719833333333334, '2021-09-09 13:22:00']]",2021-09-09 12:49:15,2021-09-09 13:22:00
6288_up2,809603,"[[115.78561666666668, 28.718516666666662, '2021-09-09 13:22:30'], [115.78685, 28.717716666666668, '2021-09-09 13:22:45'], [115.78645, 28.716816666666663, '2021-09-09 13:23:00'], [115.78523333333334, 28.71515, '2021-09-09 13:23:15']]",2021-09-09 13:22:30,2021-09-09 13:23:15
6288_up3,809603,"[[115.78445, 28.7127, '2021-09-09 13:23:45'], [115.78441666666669, 28.711366666666667, '2021-09-09 13:24:00'], [115.78515, 28.71063333333333, '2021-09-09 13:24:15'], [115.78626666666666, 28.7102, '2021-09-09 13:24:30'], [115.7888, 28.7095, '2021-09-09 13:24:45'], [115.7888, 28.7095, '2021-09-09 13:25:00'], [115.79025, 28.70938333333333, '2021-09-09 13:25:15'], [115.7906, 28.708016666666666, '2021-09-09 13:25:30'], [115.79073333333334, 28.707966666666668, '2021-09-09 13:25:45'], [115.79073333333334, 28.707966666666668, '2021-09-09 13:26:00'], [115.79073333333334, 28.707966666666668, '2021-09-09 13:26:15'], [115.79073333333334, 28.707966666666668, '2021-09-09 13:26:30'], [115.79073333333334, 28.707966666666668, '2021-09-09 13:26:45'], [115.79073333333334, 28.707966666666668, '2021-09-09 13:27:00'], [115.79073333333334, 28.707966666666668, '2021-09-09 13:27:15'], [115.79073333333334, 28.707966666666668, '2021-09-09 13:27:30'], [115.79061666666666, 28.70795, '2021-09-09 13:27:45'], [115.79061666666666, 28.70795, '2021-09-09 13:28:00'], [115.79061666666666, 28.70795, '2021-09-09 13:28:15'], [115.79061666666666, 28.70795, '2021-09-09 13:28:30'], [115.79061666666666, 28.70795, '2021-09-09 13:28:45'], [115.79061666666666, 28.70795, '2021-09-09 13:29:00'], [115.79055, 28.7084, '2021-09-09 13:29:15'], [115.79046666666666, 28.709066666666665, '2021-09-09 13:29:30'], [115.79043333333334, 28.709216666666663, '2021-09-09 13:29:45']]",2021-09-09 13:23:45,2021-09-09 13:29:45
6288_up4,809603,"[[115.79025, 28.71143333333333, '2021-09-09 13:30:15'], [115.79048333333331, 28.71278333333333, '2021-09-09 13:30:30'], [115.79065, 28.71375, '2021-09-09 13:30:45']]",2021-09-09 13:30:15,2021-09-09 13:30:45
6288_up5,809603,"[[115.79086666666667, 28.714916666666667, '2021-09-09 13:31:15'], [115.79141666666666, 28.715516666666662, '2021-09-09 13:31:30']]",2021-09-09 13:31:15,2021-09-09 13:31:30
6288_up6,809603,"[[115.79491666666668, 28.7147, '2021-09-09 13:32:00'], [115.79676666666668, 28.714566666666663, '2021-09-09 13:32:15']]",2021-09-09 13:32:00,2021-09-09 13:32:15
6288_up7,809603,"[[115.80038333333331, 28.71483333333333, '2021-09-09 13:32:45'], [115.80218333333332, 28.71526666666667, '2021-09-09 13:33:00'], [115.80363333333334, 28.715666666666667, '2021-09-09 13:33:15'], [115.80526666666668, 28.71603333333333, '2021-09-09 13:33:30']]",2021-09-09 13:32:45,2021-09-09 13:33:30
6288_up8,809603,"[[115.80713333333334, 28.71515, '2021-09-09 13:34:00']]",2021-09-09 13:34:00,2021-09-09 13:34:00
6288_up9,809603,"[[115.80546666666666, 28.712416666666662, '2021-09-09 13:34:30'], [115.80446666666668, 28.711166666666667, '2021-09-09 13:34:45'], [115.80368333333334, 28.710166666666662, '2021-09-09 13:35:00'], [115.80291666666666, 28.709233333333334, '2021-09-09 13:35:15']]",2021-09-09 13:34:30,2021-09-09 13:35:15
6288_up10,809603,"[[115.80178333333332, 28.707916666666662, '2021-09-09 13:35:45'], [115.80126666666666, 28.7072, '2021-09-09 13:36:00'], [115.8009, 28.70598333333333, '2021-09-09 13:36:15'], [115.80083333333332, 28.705033333333333, '2021-09-09 13:36:30'], [115.80078333333331, 28.7045, '2021-09-09 13:36:45'], [115.80078333333331, 28.70448333333333, '2021-09-09 13:37:00'], [115.80071666666667, 28.70368333333333, '2021-09-09 13:37:15'], [115.8006, 28.702366666666663, '2021-09-09 13:37:30']]",2021-09-09 13:35:45,2021-09-09 13:37:30
6288_up11,809603,"[[115.80041666666666, 28.70125, '2021-09-09 13:38:00'], [115.80033333333331, 28.7007, '2021-09-09 13:38:15'], [115.80025, 28.6998, '2021-09-09 13:38:30'], [115.79976666666668, 28.69921666666667, '2021-09-09 13:38:45'], [115.7985, 28.69923333333333, '2021-09-09 13:39:00']]",2021-09-09 13:38:00,2021-09-09 13:39:00
6288_up12,809603,"[[115.79448333333332, 28.6993, '2021-09-09 13:39:45'], [115.79296666666669, 28.699316666666668, '2021-09-09 13:40:00'], [115.79296666666669, 28.699316666666668, '2021-09-09 13:40:15'], [115.79155, 28.69933333333333, '2021-09-09 13:40:30'], [115.78988333333334, 28.699366666666663, '2021-09-09 13:40:45']]",2021-09-09 13:39:45,2021-09-09 13:40:45
6288_up13,809603,"[[115.78908333333334, 28.699366666666663, '2021-09-09 13:41:15'], [115.78908333333334, 28.699366666666663, '2021-09-09 13:41:30'], [115.78908333333334, 28.699366666666663, '2021-09-09 13:41:45'], [115.78821666666668, 28.699383333333333, '2021-09-09 13:42:00'], [115.78693333333334, 28.6994, '2021-09-09 13:42:15'], [115.78563333333334, 28.6994, '2021-09-09 13:42:30']]",2021-09-09 13:41:15,2021-09-09 13:42:30
6288_up14,809603,"[[115.78431666666668, 28.69943333333333, '2021-09-09 13:43:00'], [115.7828, 28.699466666666662, '2021-09-09 13:43:15'], [115.78096666666669, 28.699483333333333, '2021-09-09 13:43:30']]",2021-09-09 13:43:00,2021-09-09 13:43:30
6288_up15,809603,"[[115.77841666666669, 28.6997, '2021-09-09 13:44:00']]",2021-09-09 13:44:00,2021-09-09 13:44:00
